student_id,company_id
STU_0001,COMP_002
STU_0001,COMP_003
STU_0001,COMP_004
STU_0001,COMP_014
STU_0001,COMP_024
STU_0002,COMP_001
STU_0002,COMP_002
STU_0002,COMP_004
STU_0003,COMP_006
STU_0004,COMP_001
STU_0004,COMP_004
STU_0005,COMP_003
STU_0005,COMP_004
STU_0005,COMP_005
STU_0005,COMP_007
STU_0005,COMP_008
STU_0005,COMP_010
STU_0005,COMP_011
STU_0005,COMP_015
STU_0006,COMP_001
STU_0006,COMP_002
STU_0006,COMP_003
STU_0006,COMP_004
STU_0006,COMP_007
STU_0006,COMP_013
STU_0006,COMP_024
STU_0006,COMP_027
STU_0006,COMP_030
STU_0007,COMP_002
STU_0007,COMP_003
STU_0007,COMP_004
STU_0007,COMP_005
STU_0007,COMP_011
STU_0007,COMP_012
STU_0007,COMP_014
STU_0007,COMP_019
STU_0007,COMP_020
STU_0007,COMP_021
STU_0007,COMP_023
STU_0007,COMP_024
STU_0007,COMP_027
STU_0007,COMP_029
STU_0007,COMP_030
STU_0007,COMP_031
STU_0010,COMP_001
STU_0010,COMP_002
STU_0010,COMP_004
STU_0010,COMP_011
STU_0011,COMP_002
STU_0012,COMP_002
STU_0012,COMP_003
STU_0012,COMP_004
STU_0013,COMP_001
STU_0013,COMP_002
STU_0014,COMP_002
STU_0014,COMP_004
STU_0015,COMP_011
STU_0015,COMP_012
STU_0017,COMP_001
STU_0017,COMP_002
STU_0019,COMP_001
STU_0019,COMP_003
STU_0019,COMP_004
STU_0019,COMP_007
STU_0019,COMP_013
STU_0019,COMP_014
STU_0019,COMP_015
STU_0019,COMP_021
STU_0019,COMP_022
STU_0019,COMP_025
STU_0019,COMP_031
STU_0020,COMP_010
STU_0020,COMP_013
STU_0022,COMP_003
STU_0022,COMP_004
STU_0022,COMP_019
STU_0022,COMP_022
STU_0022,COMP_026
STU_0024,COMP_003
STU_0024,COMP_004
STU_0024,COMP_013
STU_0026,COMP_001
STU_0026,COMP_003
STU_0026,COMP_004
STU_0027,COMP_024
STU_0028,COMP_001
STU_0028,COMP_003
STU_0028,COMP_004
STU_0028,COMP_011
STU_0029,COMP_001
STU_0029,COMP_002
STU_0029,COMP_008
STU_0029,COMP_012
STU_0030,COMP_003
STU_0031,COMP_001
STU_0031,COMP_002
STU_0031,COMP_004
STU_0031,COMP_024
STU_0031,COMP_035
STU_0032,COMP_001
STU_0033,COMP_001
STU_0033,COMP_002
STU_0034,COMP_002
STU_0035,COMP_001
STU_0035,COMP_002
STU_0035,COMP_003
STU_0035,COMP_004
STU_0035,COMP_005
STU_0035,COMP_009
STU_0035,COMP_010
STU_0035,COMP_013
STU_0035,COMP_016
STU_0035,COMP_018
STU_0035,COMP_020
STU_0035,COMP_024
STU_0035,COMP_025
STU_0035,COMP_027
STU_0035,COMP_028
STU_0035,COMP_030
STU_0035,COMP_031
STU_0035,COMP_032
STU_0035,COMP_033
STU_0035,COMP_034
STU_0039,COMP_001
STU_0039,COMP_002
STU_0039,COMP_003
STU_0039,COMP_011
STU_0041,COMP_003
STU_0041,COMP_013
STU_0042,COMP_001
STU_0042,COMP_005
STU_0042,COMP_026
STU_0043,COMP_004
STU_0045,COMP_001
STU_0045,COMP_002
STU_0045,COMP_003
STU_0045,COMP_004
STU_0045,COMP_008
STU_0045,COMP_012
STU_0045,COMP_025
STU_0045,COMP_034
STU_0047,COMP_001
STU_0047,COMP_002
STU_0047,COMP_003
STU_0047,COMP_004
STU_0047,COMP_007
STU_0047,COMP_010
STU_0047,COMP_013
STU_0047,COMP_015
STU_0047,COMP_017
STU_0047,COMP_018
STU_0047,COMP_019
STU_0047,COMP_024
STU_0047,COMP_029
STU_0047,COMP_030
STU_0047,COMP_031
STU_0047,COMP_032
STU_0047,COMP_034
STU_0048,COMP_002
STU_0049,COMP_014
STU_0051,COMP_004
STU_0051,COMP_009
STU_0051,COMP_023
STU_0051,COMP_031
STU_0053,COMP_002
STU_0053,COMP_003
STU_0053,COMP_004
STU_0053,COMP_008
STU_0053,COMP_010
STU_0053,COMP_019
STU_0053,COMP_021
STU_0053,COMP_023
STU_0054,COMP_004
STU_0055,COMP_002
STU_0060,COMP_001
STU_0061,COMP_001
STU_0061,COMP_003
STU_0061,COMP_005
STU_0061,COMP_015
STU_0063,COMP_004
STU_0063,COMP_008
STU_0063,COMP_009
STU_0067,COMP_003
STU_0067,COMP_011
STU_0067,COMP_013
STU_0067,COMP_016
STU_0067,COMP_023
STU_0069,COMP_004
STU_0069,COMP_005
STU_0069,COMP_023
STU_0069,COMP_029
STU_0069,COMP_033
STU_0071,COMP_009
STU_0072,COMP_001
STU_0073,COMP_002
STU_0073,COMP_004
STU_0073,COMP_025
STU_0074,COMP_001
STU_0074,COMP_003
STU_0074,COMP_004
STU_0074,COMP_005
STU_0074,COMP_014
STU_0074,COMP_015
STU_0074,COMP_034
STU_0075,COMP_001
STU_0075,COMP_004
STU_0075,COMP_011
STU_0077,COMP_002
STU_0077,COMP_011
STU_0077,COMP_014
STU_0078,COMP_003
STU_0078,COMP_004
STU_0080,COMP_001
STU_0080,COMP_003
STU_0080,COMP_008
STU_0081,COMP_001
STU_0081,COMP_002
STU_0081,COMP_004
STU_0081,COMP_022
STU_0081,COMP_026
STU_0081,COMP_028
STU_0083,COMP_003
STU_0085,COMP_002
STU_0086,COMP_001
STU_0087,COMP_002
STU_0087,COMP_003
STU_0087,COMP_004
STU_0087,COMP_013
STU_0087,COMP_025
STU_0087,COMP_026
STU_0090,COMP_003
STU_0091,COMP_001
STU_0091,COMP_002
STU_0091,COMP_003
STU_0091,COMP_004
STU_0091,COMP_009
STU_0091,COMP_012
STU_0092,COMP_011
STU_0093,COMP_002
STU_0093,COMP_003
STU_0093,COMP_004
STU_0093,COMP_006
STU_0093,COMP_017
STU_0093,COMP_024
STU_0093,COMP_032
STU_0093,COMP_035
STU_0094,COMP_002
STU_0094,COMP_003
STU_0094,COMP_005
STU_0094,COMP_007
STU_0095,COMP_002
STU_0096,COMP_001
STU_0097,COMP_002
STU_0097,COMP_004
STU_0097,COMP_018
STU_0102,COMP_003
STU_0104,COMP_001
STU_0104,COMP_002
STU_0104,COMP_004
STU_0106,COMP_001
STU_0106,COMP_002
STU_0106,COMP_004
STU_0106,COMP_009
STU_0106,COMP_011
STU_0106,COMP_016
STU_0106,COMP_021
STU_0106,COMP_025
STU_0107,COMP_002
STU_0107,COMP_003
STU_0107,COMP_004
STU_0107,COMP_007
STU_0107,COMP_008
STU_0107,COMP_027
STU_0107,COMP_034
STU_0108,COMP_003
STU_0108,COMP_010
STU_0108,COMP_020
STU_0109,COMP_002
STU_0109,COMP_011
STU_0111,COMP_001
STU_0111,COMP_004
STU_0111,COMP_007
STU_0111,COMP_010
STU_0111,COMP_020
STU_0111,COMP_033
STU_0114,COMP_002
STU_0114,COMP_004
STU_0118,COMP_001
STU_0118,COMP_002
STU_0118,COMP_003
STU_0118,COMP_009
STU_0118,COMP_010
STU_0119,COMP_002
STU_0119,COMP_004
STU_0119,COMP_005
STU_0119,COMP_015
STU_0120,COMP_004
STU_0122,COMP_002
STU_0122,COMP_003
STU_0122,COMP_004
STU_0122,COMP_030
STU_0122,COMP_031
STU_0127,COMP_002
STU_0127,COMP_024
STU_0128,COMP_002
STU_0129,COMP_004
STU_0132,COMP_004
STU_0134,COMP_003
STU_0134,COMP_004
STU_0135,COMP_013
STU_0137,COMP_003
STU_0137,COMP_004
STU_0138,COMP_001
STU_0138,COMP_002
STU_0138,COMP_004
STU_0138,COMP_008
STU_0138,COMP_010
STU_0138,COMP_011
STU_0138,COMP_012
STU_0138,COMP_015
STU_0138,COMP_016
STU_0138,COMP_017
STU_0138,COMP_019
STU_0138,COMP_020
STU_0138,COMP_021
STU_0138,COMP_022
STU_0138,COMP_027
STU_0138,COMP_028
STU_0138,COMP_029
STU_0138,COMP_030
STU_0138,COMP_031
STU_0140,COMP_001
STU_0140,COMP_004
STU_0140,COMP_012
STU_0140,COMP_020
STU_0144,COMP_001
STU_0144,COMP_002
STU_0144,COMP_004
STU_0144,COMP_006
STU_0144,COMP_021
STU_0144,COMP_023
STU_0144,COMP_024
STU_0145,COMP_016
STU_0146,COMP_001
STU_0146,COMP_002
STU_0146,COMP_003
STU_0146,COMP_004
STU_0146,COMP_006
STU_0146,COMP_012
STU_0146,COMP_023
STU_0148,COMP_004
STU_0149,COMP_002
STU_0149,COMP_003
STU_0149,COMP_004
STU_0149,COMP_017
STU_0150,COMP_002
STU_0150,COMP_004
STU_0150,COMP_006
STU_0150,COMP_009
STU_0150,COMP_011
STU_0150,COMP_024
STU_0150,COMP_025
STU_0150,COMP_033
STU_0150,COMP_035
STU_0151,COMP_001
STU_0151,COMP_002
STU_0151,COMP_003
STU_0153,COMP_001
STU_0153,COMP_011
STU_0153,COMP_013
STU_0154,COMP_002
STU_0154,COMP_003
STU_0154,COMP_004
STU_0155,COMP_004
STU_0155,COMP_005
STU_0155,COMP_006
STU_0155,COMP_017
STU_0155,COMP_024
STU_0155,COMP_027
STU_0155,COMP_029
STU_0156,COMP_001
STU_0156,COMP_010
STU_0157,COMP_001
STU_0158,COMP_002
STU_0160,COMP_004
STU_0161,COMP_001
STU_0161,COMP_003
STU_0162,COMP_003
STU_0162,COMP_005
STU_0162,COMP_008
STU_0162,COMP_009
STU_0162,COMP_010
STU_0162,COMP_013
STU_0162,COMP_022
STU_0162,COMP_026
STU_0162,COMP_028
STU_0162,COMP_032
STU_0164,COMP_003
STU_0164,COMP_004
STU_0164,COMP_007
STU_0164,COMP_008
STU_0164,COMP_021
STU_0164,COMP_023
STU_0164,COMP_031
STU_0164,COMP_034
STU_0165,COMP_004
STU_0166,COMP_001
STU_0166,COMP_003
STU_0166,COMP_008
STU_0168,COMP_003
STU_0168,COMP_004
STU_0168,COMP_013
STU_0168,COMP_014
STU_0168,COMP_021
STU_0168,COMP_024
STU_0168,COMP_034
STU_0170,COMP_003
STU_0171,COMP_003
STU_0171,COMP_004
STU_0171,COMP_006
STU_0171,COMP_017
STU_0171,COMP_020
STU_0171,COMP_021
STU_0171,COMP_024
STU_0171,COMP_026
STU_0171,COMP_035
STU_0174,COMP_001
STU_0174,COMP_002
STU_0174,COMP_004
STU_0174,COMP_005
STU_0175,COMP_001
STU_0175,COMP_003
STU_0175,COMP_004
STU_0175,COMP_005
STU_0175,COMP_011
STU_0175,COMP_018
STU_0175,COMP_020
STU_0176,COMP_001
STU_0176,COMP_002
STU_0177,COMP_002
STU_0179,COMP_001
STU_0180,COMP_001
STU_0180,COMP_002
STU_0180,COMP_010
STU_0181,COMP_002
STU_0181,COMP_003
STU_0182,COMP_002
STU_0182,COMP_003
STU_0182,COMP_004
STU_0182,COMP_016
STU_0182,COMP_019
STU_0182,COMP_026
STU_0184,COMP_001
STU_0184,COMP_004
STU_0184,COMP_006
STU_0184,COMP_021
STU_0184,COMP_025
STU_0184,COMP_028
STU_0185,COMP_001
STU_0185,COMP_003
STU_0185,COMP_008
STU_0185,COMP_009
STU_0185,COMP_011
STU_0188,COMP_001
STU_0188,COMP_003
STU_0188,COMP_004
STU_0189,COMP_004
STU_0190,COMP_004
STU_0191,COMP_001
STU_0191,COMP_002
STU_0191,COMP_003
STU_0191,COMP_004
STU_0191,COMP_006
STU_0191,COMP_010
STU_0191,COMP_011
STU_0191,COMP_014
STU_0191,COMP_015
STU_0191,COMP_018
STU_0191,COMP_021
STU_0191,COMP_024
STU_0191,COMP_025
STU_0191,COMP_026
STU_0191,COMP_029
STU_0191,COMP_030
STU_0193,COMP_001
STU_0193,COMP_002
STU_0193,COMP_013
STU_0195,COMP_001
STU_0195,COMP_004
STU_0195,COMP_014
STU_0196,COMP_004
STU_0196,COMP_006
STU_0196,COMP_015
STU_0197,COMP_001
STU_0200,COMP_001
STU_0200,COMP_002
STU_0200,COMP_003
STU_0200,COMP_004
STU_0200,COMP_005
STU_0200,COMP_007
STU_0202,COMP_001
STU_0202,COMP_003
STU_0202,COMP_021
STU_0202,COMP_022
STU_0202,COMP_024
STU_0202,COMP_034
STU_0205,COMP_004
STU_0205,COMP_009
STU_0207,COMP_001
STU_0207,COMP_008
STU_0207,COMP_011
STU_0208,COMP_019
STU_0209,COMP_002
STU_0209,COMP_004
STU_0209,COMP_006
STU_0209,COMP_009
STU_0211,COMP_003
STU_0212,COMP_003
STU_0212,COMP_004
STU_0212,COMP_010
STU_0212,COMP_014
STU_0212,COMP_016
STU_0212,COMP_017
STU_0212,COMP_021
STU_0213,COMP_001
STU_0213,COMP_003
STU_0216,COMP_004
STU_0216,COMP_007
STU_0216,COMP_021
STU_0217,COMP_001
STU_0217,COMP_002
STU_0217,COMP_003
STU_0217,COMP_004
STU_0217,COMP_006
STU_0217,COMP_008
STU_0217,COMP_011
STU_0217,COMP_012
STU_0217,COMP_021
STU_0217,COMP_033
STU_0217,COMP_035
STU_0218,COMP_002
STU_0218,COMP_004
STU_0218,COMP_006
STU_0218,COMP_008
STU_0218,COMP_009
STU_0218,COMP_010
STU_0218,COMP_011
STU_0218,COMP_012
STU_0218,COMP_018
STU_0218,COMP_026
STU_0218,COMP_030
STU_0219,COMP_004
STU_0221,COMP_004
STU_0222,COMP_002
STU_0222,COMP_004
STU_0222,COMP_006
STU_0222,COMP_012
STU_0222,COMP_026
STU_0222,COMP_029
STU_0222,COMP_034
STU_0224,COMP_001
STU_0224,COMP_003
STU_0224,COMP_004
STU_0224,COMP_005
STU_0224,COMP_006
STU_0224,COMP_008
STU_0224,COMP_010
STU_0224,COMP_011
STU_0224,COMP_015
STU_0224,COMP_016
STU_0224,COMP_017
STU_0224,COMP_019
STU_0224,COMP_022
STU_0224,COMP_030
STU_0224,COMP_031
STU_0224,COMP_033
STU_0224,COMP_034
STU_0224,COMP_035
STU_0225,COMP_001
STU_0225,COMP_004
STU_0225,COMP_007
STU_0225,COMP_014
STU_0225,COMP_016
STU_0226,COMP_004
STU_0226,COMP_013
STU_0227,COMP_002
STU_0227,COMP_003
STU_0227,COMP_004
STU_0232,COMP_001
STU_0232,COMP_003
STU_0233,COMP_001
STU_0233,COMP_002
STU_0234,COMP_001
STU_0234,COMP_003
STU_0234,COMP_004
STU_0234,COMP_008
STU_0234,COMP_015
STU_0234,COMP_019
STU_0235,COMP_001
STU_0235,COMP_002
STU_0235,COMP_004
STU_0235,COMP_007
STU_0235,COMP_015
STU_0237,COMP_001
STU_0237,COMP_002
STU_0237,COMP_005
STU_0237,COMP_008
STU_0237,COMP_010
STU_0237,COMP_011
STU_0237,COMP_018
STU_0237,COMP_022
STU_0237,COMP_024
STU_0237,COMP_026
STU_0237,COMP_029
STU_0237,COMP_032
STU_0237,COMP_035
STU_0239,COMP_003
STU_0240,COMP_003
STU_0240,COMP_004
STU_0240,COMP_005
STU_0240,COMP_006
STU_0240,COMP_024
STU_0240,COMP_025
STU_0241,COMP_001
STU_0241,COMP_003
STU_0241,COMP_028
STU_0241,COMP_033
STU_0243,COMP_004
STU_0245,COMP_001
STU_0245,COMP_002
STU_0245,COMP_003
STU_0245,COMP_004
STU_0245,COMP_010
STU_0245,COMP_011
STU_0245,COMP_019
STU_0245,COMP_021
STU_0245,COMP_027
STU_0245,COMP_028
STU_0245,COMP_031
STU_0245,COMP_032
STU_0245,COMP_033
STU_0245,COMP_034
STU_0245,COMP_035
STU_0246,COMP_003
STU_0246,COMP_010
STU_0246,COMP_014
STU_0246,COMP_020
STU_0246,COMP_023
STU_0246,COMP_026
STU_0248,COMP_001
STU_0248,COMP_002
STU_0248,COMP_003
STU_0248,COMP_004
STU_0248,COMP_006
STU_0248,COMP_008
STU_0248,COMP_013
STU_0248,COMP_017
STU_0248,COMP_018
STU_0248,COMP_019
STU_0248,COMP_023
STU_0248,COMP_024
STU_0248,COMP_030
STU_0248,COMP_032
STU_0248,COMP_034
STU_0252,COMP_001
STU_0252,COMP_002
STU_0252,COMP_004
STU_0252,COMP_007
STU_0252,COMP_013
STU_0252,COMP_015
STU_0252,COMP_016
STU_0252,COMP_025
STU_0253,COMP_001
STU_0253,COMP_002
STU_0253,COMP_004
STU_0253,COMP_009
STU_0253,COMP_012
STU_0253,COMP_015
STU_0253,COMP_025
STU_0253,COMP_029
STU_0254,COMP_003
STU_0254,COMP_004
STU_0254,COMP_007
STU_0254,COMP_011
STU_0255,COMP_001
STU_0255,COMP_003
STU_0255,COMP_004
STU_0255,COMP_020
STU_0256,COMP_001
STU_0256,COMP_003
STU_0256,COMP_004
STU_0256,COMP_008
STU_0256,COMP_012
STU_0256,COMP_016
STU_0256,COMP_017
STU_0256,COMP_031
STU_0256,COMP_033
STU_0257,COMP_004
STU_0258,COMP_002
STU_0258,COMP_003
STU_0258,COMP_004
STU_0258,COMP_011
STU_0258,COMP_024
STU_0258,COMP_028
STU_0258,COMP_029
STU_0258,COMP_030
STU_0259,COMP_001
STU_0259,COMP_006
STU_0261,COMP_001
STU_0261,COMP_002
STU_0261,COMP_003
STU_0261,COMP_006
STU_0261,COMP_014
STU_0261,COMP_016
STU_0261,COMP_030
STU_0261,COMP_033
STU_0262,COMP_002
STU_0262,COMP_003
STU_0262,COMP_006
STU_0262,COMP_012
STU_0262,COMP_017
STU_0262,COMP_029
STU_0262,COMP_034
STU_0263,COMP_017
STU_0264,COMP_001
STU_0264,COMP_005
STU_0264,COMP_015
STU_0264,COMP_026
STU_0267,COMP_001
STU_0267,COMP_002
STU_0267,COMP_003
STU_0268,COMP_001
STU_0270,COMP_002
STU_0270,COMP_007
STU_0270,COMP_008
STU_0270,COMP_009
STU_0270,COMP_015
STU_0270,COMP_025
STU_0272,COMP_002
STU_0276,COMP_001
STU_0276,COMP_014
STU_0276,COMP_017
STU_0277,COMP_001
STU_0277,COMP_003
STU_0277,COMP_004
STU_0277,COMP_005
STU_0277,COMP_006
STU_0277,COMP_008
STU_0277,COMP_013
STU_0277,COMP_022
STU_0277,COMP_029
STU_0278,COMP_003
STU_0278,COMP_004
STU_0278,COMP_007
STU_0278,COMP_008
STU_0278,COMP_012
STU_0278,COMP_017
STU_0278,COMP_019
STU_0279,COMP_003
STU_0279,COMP_012
STU_0282,COMP_010
STU_0282,COMP_013
STU_0284,COMP_002
STU_0286,COMP_002
STU_0289,COMP_004
STU_0290,COMP_002
STU_0290,COMP_003
STU_0290,COMP_004
STU_0290,COMP_008
STU_0290,COMP_017
STU_0290,COMP_018
STU_0290,COMP_022
STU_0292,COMP_001
STU_0294,COMP_003
STU_0295,COMP_003
STU_0296,COMP_001
STU_0296,COMP_002
STU_0296,COMP_003
STU_0296,COMP_004
STU_0296,COMP_008
STU_0296,COMP_018
STU_0296,COMP_019
STU_0296,COMP_024
STU_0296,COMP_029
STU_0297,COMP_002
STU_0297,COMP_003
STU_0297,COMP_004
STU_0297,COMP_005
STU_0297,COMP_023
STU_0297,COMP_028
STU_0298,COMP_001
STU_0298,COMP_004
STU_0298,COMP_006
STU_0298,COMP_007
STU_0298,COMP_008
STU_0298,COMP_027
STU_0299,COMP_001
STU_0299,COMP_024
STU_0300,COMP_004
STU_0301,COMP_001
STU_0301,COMP_006
STU_0301,COMP_007
STU_0302,COMP_002
STU_0302,COMP_003
STU_0302,COMP_004
STU_0302,COMP_011
STU_0302,COMP_012
STU_0303,COMP_004
STU_0303,COMP_005
STU_0303,COMP_011
STU_0303,COMP_014
STU_0305,COMP_001
STU_0305,COMP_002
STU_0305,COMP_003
STU_0305,COMP_004
STU_0305,COMP_005
STU_0305,COMP_009
STU_0305,COMP_013
STU_0305,COMP_014
STU_0305,COMP_015
STU_0305,COMP_016
STU_0305,COMP_018
STU_0305,COMP_021
STU_0305,COMP_030
STU_0305,COMP_033
STU_0305,COMP_035
STU_0308,COMP_004
STU_0308,COMP_008
STU_0308,COMP_009
STU_0308,COMP_016
STU_0308,COMP_025
STU_0309,COMP_002
STU_0309,COMP_003
STU_0309,COMP_004
STU_0309,COMP_006
STU_0309,COMP_007
STU_0309,COMP_009
STU_0309,COMP_010
STU_0309,COMP_012
STU_0309,COMP_022
STU_0310,COMP_001
STU_0310,COMP_004
STU_0310,COMP_013
STU_0310,COMP_026
STU_0311,COMP_001
STU_0311,COMP_004
STU_0313,COMP_001
STU_0313,COMP_002
STU_0313,COMP_003
STU_0313,COMP_004
STU_0313,COMP_005
STU_0313,COMP_006
STU_0313,COMP_011
STU_0313,COMP_020
STU_0313,COMP_022
STU_0313,COMP_031
STU_0313,COMP_032
STU_0313,COMP_035
STU_0315,COMP_002
STU_0315,COMP_003
STU_0315,COMP_004
STU_0315,COMP_008
STU_0315,COMP_010
STU_0315,COMP_011
STU_0315,COMP_017
STU_0315,COMP_019
STU_0315,COMP_020
STU_0316,COMP_001
STU_0316,COMP_003
STU_0316,COMP_004
STU_0316,COMP_005
STU_0316,COMP_006
STU_0316,COMP_011
STU_0316,COMP_027
STU_0317,COMP_001
STU_0318,COMP_004
STU_0319,COMP_001
STU_0319,COMP_002
STU_0319,COMP_004
STU_0319,COMP_008
STU_0319,COMP_016
STU_0319,COMP_035
STU_0320,COMP_002
STU_0320,COMP_004
STU_0320,COMP_005
STU_0320,COMP_008
STU_0320,COMP_019
STU_0320,COMP_020
STU_0320,COMP_026
STU_0321,COMP_002
STU_0322,COMP_001
STU_0322,COMP_002
STU_0322,COMP_003
STU_0322,COMP_004
STU_0326,COMP_001
STU_0326,COMP_008
STU_0326,COMP_010
STU_0327,COMP_001
STU_0327,COMP_003
STU_0327,COMP_004
STU_0327,COMP_014
STU_0328,COMP_001
STU_0328,COMP_002
STU_0328,COMP_004
STU_0328,COMP_007
STU_0328,COMP_011
STU_0328,COMP_021
STU_0329,COMP_001
STU_0329,COMP_002
STU_0329,COMP_004
STU_0329,COMP_022
STU_0330,COMP_003
STU_0331,COMP_002
STU_0331,COMP_004
STU_0331,COMP_008
STU_0331,COMP_014
STU_0331,COMP_016
STU_0331,COMP_031
STU_0331,COMP_035
STU_0332,COMP_002
STU_0332,COMP_004
STU_0332,COMP_016
STU_0332,COMP_017
STU_0332,COMP_022
STU_0333,COMP_001
STU_0333,COMP_002
STU_0334,COMP_002
STU_0335,COMP_003
STU_0337,COMP_002
STU_0337,COMP_004
STU_0337,COMP_015
STU_0340,COMP_001
STU_0340,COMP_002
STU_0340,COMP_003
STU_0340,COMP_004
STU_0340,COMP_006
STU_0340,COMP_008
STU_0340,COMP_010
STU_0340,COMP_011
STU_0340,COMP_020
STU_0340,COMP_023
STU_0340,COMP_024
STU_0340,COMP_027
STU_0340,COMP_033
STU_0340,COMP_034
STU_0341,COMP_004
STU_0341,COMP_009
STU_0341,COMP_015
STU_0342,COMP_004
STU_0343,COMP_003
STU_0343,COMP_004
STU_0343,COMP_009
STU_0344,COMP_004
STU_0344,COMP_013
STU_0344,COMP_026
STU_0345,COMP_002
STU_0347,COMP_003
STU_0348,COMP_002
STU_0348,COMP_003
STU_0348,COMP_004
STU_0348,COMP_006
STU_0348,COMP_007
STU_0348,COMP_008
STU_0348,COMP_011
STU_0348,COMP_013
STU_0348,COMP_023
STU_0348,COMP_024
STU_0348,COMP_025
STU_0348,COMP_027
STU_0349,COMP_001
STU_0349,COMP_002
STU_0349,COMP_011
STU_0350,COMP_011
STU_0350,COMP_012
STU_0351,COMP_002
STU_0352,COMP_001
STU_0352,COMP_021
STU_0355,COMP_002
STU_0355,COMP_003
STU_0355,COMP_010
STU_0355,COMP_027
STU_0355,COMP_034
STU_0357,COMP_002
STU_0357,COMP_003
STU_0357,COMP_004
STU_0357,COMP_016
STU_0357,COMP_018
STU_0358,COMP_002
STU_0359,COMP_002
STU_0359,COMP_004
STU_0360,COMP_010
STU_0362,COMP_001
STU_0362,COMP_002
STU_0362,COMP_003
STU_0362,COMP_009
STU_0363,COMP_001
STU_0364,COMP_001
STU_0364,COMP_002
STU_0364,COMP_005
STU_0364,COMP_013
STU_0364,COMP_021
STU_0364,COMP_026
STU_0365,COMP_002
STU_0365,COMP_004
STU_0365,COMP_008
STU_0365,COMP_026
STU_0366,COMP_002
STU_0367,COMP_002
STU_0367,COMP_004
STU_0368,COMP_002
STU_0368,COMP_004
STU_0368,COMP_008
STU_0368,COMP_016
STU_0370,COMP_001
STU_0370,COMP_002
STU_0370,COMP_003
STU_0370,COMP_004
STU_0370,COMP_008
STU_0370,COMP_011
STU_0370,COMP_012
STU_0370,COMP_015
STU_0370,COMP_017
STU_0370,COMP_018
STU_0370,COMP_033
STU_0371,COMP_001
STU_0371,COMP_002
STU_0371,COMP_005
STU_0372,COMP_001
STU_0375,COMP_003
STU_0375,COMP_024
STU_0376,COMP_001
STU_0376,COMP_002
STU_0376,COMP_003
STU_0376,COMP_004
STU_0376,COMP_006
STU_0376,COMP_010
STU_0376,COMP_012
STU_0376,COMP_014
STU_0376,COMP_019
STU_0376,COMP_029
STU_0376,COMP_033
STU_0377,COMP_002
STU_0377,COMP_003
STU_0377,COMP_007
STU_0380,COMP_001
STU_0381,COMP_001
STU_0381,COMP_003
STU_0381,COMP_024
STU_0382,COMP_013
STU_0383,COMP_002
STU_0383,COMP_023
STU_0385,COMP_002
STU_0385,COMP_003
STU_0385,COMP_006
STU_0385,COMP_024
STU_0386,COMP_003
STU_0387,COMP_003
STU_0387,COMP_011
STU_0388,COMP_004
STU_0388,COMP_005
STU_0388,COMP_012
STU_0388,COMP_015
STU_0390,COMP_001
STU_0390,COMP_002
STU_0390,COMP_003
STU_0391,COMP_001
STU_0391,COMP_002
STU_0391,COMP_004
STU_0391,COMP_008
STU_0391,COMP_022
STU_0392,COMP_001
STU_0392,COMP_004
STU_0392,COMP_010
STU_0393,COMP_001
STU_0393,COMP_004
STU_0394,COMP_001
STU_0394,COMP_002
STU_0394,COMP_003
STU_0394,COMP_004
STU_0394,COMP_007
STU_0394,COMP_015
STU_0394,COMP_022
STU_0394,COMP_030
STU_0395,COMP_005
STU_0395,COMP_006
STU_0395,COMP_013
STU_0396,COMP_002
STU_0396,COMP_003
STU_0396,COMP_004
STU_0399,COMP_002
STU_0399,COMP_003
STU_0400,COMP_002
STU_0400,COMP_003
STU_0400,COMP_004
STU_0400,COMP_006
STU_0400,COMP_010
STU_0400,COMP_018
STU_0400,COMP_029
STU_0403,COMP_001
STU_0405,COMP_001
STU_0405,COMP_002
STU_0405,COMP_004
STU_0405,COMP_014
STU_0406,COMP_003
STU_0406,COMP_004
STU_0406,COMP_005
STU_0406,COMP_007
STU_0406,COMP_011
STU_0406,COMP_016
STU_0407,COMP_003
STU_0407,COMP_004
STU_0407,COMP_009
STU_0407,COMP_010
STU_0408,COMP_004
STU_0408,COMP_014
STU_0408,COMP_018
STU_0409,COMP_003
STU_0409,COMP_004
STU_0409,COMP_008
STU_0409,COMP_014
STU_0409,COMP_016
STU_0410,COMP_002
STU_0410,COMP_005
STU_0411,COMP_002
STU_0411,COMP_004
STU_0411,COMP_013
STU_0413,COMP_001
STU_0413,COMP_004
STU_0415,COMP_001
STU_0415,COMP_002
STU_0415,COMP_003
STU_0415,COMP_004
STU_0415,COMP_006
STU_0415,COMP_007
STU_0415,COMP_009
STU_0415,COMP_010
STU_0415,COMP_011
STU_0415,COMP_014
STU_0415,COMP_029
STU_0415,COMP_031
STU_0415,COMP_034
STU_0417,COMP_002
STU_0417,COMP_004
STU_0417,COMP_010
STU_0417,COMP_025
STU_0418,COMP_001
STU_0418,COMP_003
STU_0418,COMP_027
STU_0418,COMP_031
STU_0419,COMP_001
STU_0420,COMP_002
STU_0423,COMP_003
STU_0425,COMP_003
STU_0427,COMP_001
STU_0427,COMP_002
STU_0427,COMP_003
STU_0427,COMP_004
STU_0428,COMP_001
STU_0428,COMP_002
STU_0428,COMP_009
STU_0429,COMP_001
STU_0430,COMP_013
STU_0430,COMP_014
STU_0430,COMP_033
STU_0431,COMP_004
STU_0431,COMP_012
STU_0431,COMP_016
STU_0431,COMP_020
STU_0432,COMP_010
STU_0432,COMP_012
STU_0432,COMP_026
STU_0433,COMP_001
STU_0433,COMP_002
STU_0433,COMP_003
STU_0433,COMP_004
STU_0433,COMP_008
STU_0433,COMP_010
STU_0433,COMP_012
STU_0433,COMP_013
STU_0433,COMP_014
STU_0433,COMP_019
STU_0433,COMP_022
STU_0433,COMP_023
STU_0433,COMP_027
STU_0433,COMP_028
STU_0433,COMP_032
STU_0439,COMP_004
STU_0440,COMP_003
STU_0440,COMP_004
STU_0440,COMP_005
STU_0440,COMP_006
STU_0440,COMP_008
STU_0440,COMP_010
STU_0440,COMP_018
STU_0440,COMP_024
STU_0440,COMP_031
STU_0440,COMP_034
STU_0441,COMP_002
STU_0441,COMP_003
STU_0441,COMP_004
STU_0441,COMP_012
STU_0441,COMP_016
STU_0441,COMP_018
STU_0441,COMP_020
STU_0443,COMP_001
STU_0443,COMP_003
STU_0444,COMP_004
STU_0444,COMP_031
STU_0445,COMP_001
STU_0445,COMP_002
STU_0445,COMP_003
STU_0445,COMP_004
STU_0445,COMP_014
STU_0445,COMP_016
STU_0445,COMP_019
STU_0445,COMP_025
STU_0446,COMP_002
STU_0446,COMP_004
STU_0446,COMP_005
STU_0446,COMP_012
STU_0446,COMP_014
STU_0447,COMP_004
STU_0447,COMP_005
STU_0447,COMP_006
STU_0447,COMP_015
STU_0447,COMP_016
STU_0448,COMP_001
STU_0448,COMP_004
STU_0448,COMP_006
STU_0448,COMP_008
STU_0449,COMP_004
STU_0450,COMP_004
STU_0451,COMP_002
STU_0451,COMP_003
STU_0452,COMP_001
STU_0452,COMP_002
STU_0452,COMP_003
STU_0452,COMP_004
STU_0452,COMP_007
STU_0452,COMP_015
STU_0452,COMP_025
STU_0452,COMP_026
STU_0452,COMP_027
STU_0452,COMP_028
STU_0452,COMP_031
STU_0455,COMP_002
STU_0456,COMP_001
STU_0457,COMP_004
STU_0457,COMP_012
STU_0457,COMP_020
STU_0457,COMP_025
STU_0458,COMP_004
STU_0458,COMP_014
STU_0460,COMP_001
STU_0460,COMP_004
STU_0460,COMP_008
STU_0460,COMP_011
STU_0460,COMP_015
STU_0460,COMP_027
STU_0461,COMP_001
STU_0461,COMP_002
STU_0461,COMP_004
STU_0461,COMP_011
STU_0461,COMP_014
STU_0461,COMP_016
STU_0461,COMP_035
STU_0462,COMP_001
STU_0463,COMP_004
STU_0465,COMP_001
STU_0465,COMP_003
STU_0466,COMP_002
STU_0466,COMP_003
STU_0466,COMP_004
STU_0466,COMP_005
STU_0466,COMP_006
STU_0466,COMP_010
STU_0466,COMP_012
STU_0466,COMP_015
STU_0466,COMP_016
STU_0466,COMP_020
STU_0466,COMP_023
STU_0466,COMP_031
STU_0466,COMP_033
STU_0466,COMP_034
STU_0466,COMP_035
STU_0467,COMP_004
STU_0468,COMP_001
STU_0468,COMP_002
STU_0468,COMP_003
STU_0468,COMP_004
STU_0468,COMP_005
STU_0468,COMP_008
STU_0468,COMP_012
STU_0468,COMP_021
STU_0468,COMP_022
STU_0468,COMP_034
STU_0468,COMP_035
STU_0470,COMP_001
STU_0470,COMP_002
STU_0470,COMP_003
STU_0470,COMP_004
STU_0470,COMP_008
STU_0471,COMP_004
STU_0472,COMP_001
STU_0472,COMP_004
STU_0474,COMP_002
STU_0475,COMP_001
STU_0475,COMP_002
STU_0475,COMP_003
STU_0475,COMP_004
STU_0475,COMP_010
STU_0475,COMP_013
STU_0475,COMP_019
STU_0475,COMP_021
STU_0475,COMP_024
STU_0475,COMP_026
STU_0476,COMP_002
STU_0476,COMP_003
STU_0476,COMP_004
STU_0476,COMP_023
STU_0477,COMP_003
STU_0478,COMP_003
STU_0478,COMP_014
STU_0481,COMP_001
STU_0481,COMP_004
STU_0482,COMP_001
STU_0482,COMP_002
STU_0482,COMP_003
STU_0482,COMP_004
STU_0482,COMP_005
STU_0482,COMP_010
STU_0482,COMP_020
STU_0482,COMP_021
STU_0482,COMP_024
STU_0482,COMP_026
STU_0482,COMP_028
STU_0482,COMP_032
STU_0482,COMP_034
STU_0486,COMP_003
STU_0486,COMP_026
STU_0487,COMP_001
STU_0487,COMP_003
STU_0487,COMP_013
STU_0487,COMP_024
STU_0489,COMP_004
STU_0490,COMP_002
STU_0490,COMP_003
STU_0490,COMP_006
STU_0490,COMP_009
STU_0492,COMP_001
STU_0493,COMP_002
STU_0493,COMP_003
STU_0494,COMP_004
STU_0494,COMP_012
STU_0496,COMP_001
STU_0496,COMP_002
STU_0498,COMP_002
STU_0498,COMP_004
STU_0498,COMP_005
STU_0498,COMP_009
STU_0498,COMP_016
STU_0498,COMP_017
STU_0499,COMP_002
STU_0499,COMP_003
STU_0499,COMP_004
STU_0500,COMP_001
STU_0500,COMP_003
STU_0500,COMP_004
STU_0500,COMP_005
STU_0500,COMP_008
STU_0500,COMP_010
STU_0500,COMP_013
STU_0500,COMP_014
STU_0500,COMP_016
STU_0500,COMP_017
STU_0500,COMP_021
STU_0500,COMP_022
STU_0500,COMP_024
STU_0500,COMP_026
STU_0500,COMP_030
STU_0500,COMP_032
STU_0500,COMP_035
STU_0501,COMP_003
STU_0505,COMP_001
STU_0505,COMP_002
STU_0505,COMP_004
STU_0505,COMP_005
STU_0505,COMP_013
STU_0505,COMP_018
STU_0505,COMP_023
STU_0506,COMP_001
STU_0506,COMP_002
STU_0506,COMP_003
STU_0506,COMP_004
STU_0506,COMP_008
STU_0506,COMP_010
STU_0506,COMP_021
STU_0506,COMP_022
STU_0508,COMP_002
STU_0508,COMP_003
STU_0508,COMP_004
STU_0509,COMP_002
STU_0509,COMP_004
STU_0511,COMP_001
STU_0511,COMP_002
STU_0511,COMP_003
STU_0512,COMP_004
STU_0512,COMP_008
STU_0514,COMP_002
STU_0514,COMP_003
STU_0514,COMP_004
STU_0514,COMP_008
STU_0514,COMP_010
STU_0514,COMP_024
STU_0515,COMP_005
STU_0515,COMP_013
STU_0516,COMP_002
STU_0516,COMP_004
STU_0519,COMP_003
STU_0519,COMP_004
STU_0520,COMP_004
STU_0521,COMP_003
STU_0521,COMP_004
STU_0521,COMP_023
STU_0521,COMP_026
STU_0523,COMP_001
STU_0523,COMP_002
STU_0523,COMP_010
STU_0523,COMP_013
STU_0523,COMP_015
STU_0523,COMP_027
STU_0523,COMP_035
STU_0524,COMP_003
STU_0524,COMP_004
STU_0524,COMP_020
STU_0524,COMP_024
STU_0526,COMP_001
STU_0527,COMP_004
STU_0529,COMP_002
STU_0529,COMP_013
STU_0530,COMP_003
STU_0530,COMP_004
STU_0530,COMP_012
STU_0530,COMP_014
STU_0530,COMP_020
STU_0530,COMP_021
STU_0530,COMP_023
STU_0530,COMP_035
STU_0531,COMP_003
STU_0532,COMP_001
STU_0532,COMP_002
STU_0532,COMP_003
STU_0532,COMP_008
STU_0532,COMP_009
STU_0532,COMP_031
STU_0532,COMP_032
STU_0533,COMP_004
STU_0533,COMP_018
STU_0534,COMP_001
STU_0534,COMP_002
STU_0534,COMP_003
STU_0534,COMP_004
STU_0534,COMP_005
STU_0534,COMP_007
STU_0534,COMP_008
STU_0534,COMP_014
STU_0534,COMP_017
STU_0534,COMP_018
STU_0534,COMP_025
STU_0536,COMP_002
STU_0536,COMP_003
STU_0536,COMP_004
STU_0537,COMP_001
STU_0537,COMP_004
STU_0537,COMP_005
STU_0537,COMP_013
STU_0537,COMP_018
STU_0538,COMP_001
STU_0538,COMP_002
STU_0538,COMP_004
STU_0539,COMP_002
STU_0541,COMP_003
STU_0541,COMP_004
STU_0541,COMP_014
STU_0541,COMP_016
STU_0546,COMP_003
STU_0546,COMP_004
STU_0546,COMP_013
STU_0547,COMP_002
STU_0549,COMP_002
STU_0549,COMP_003
STU_0549,COMP_011
STU_0550,COMP_001
STU_0550,COMP_003
STU_0550,COMP_004
STU_0550,COMP_010
STU_0550,COMP_021
STU_0552,COMP_001
STU_0552,COMP_003
STU_0552,COMP_004
STU_0553,COMP_001
STU_0553,COMP_002
STU_0553,COMP_003
STU_0553,COMP_004
STU_0553,COMP_005
STU_0555,COMP_001
STU_0555,COMP_004
STU_0555,COMP_005
STU_0555,COMP_011
STU_0556,COMP_002
STU_0556,COMP_003
STU_0556,COMP_004
STU_0556,COMP_008
STU_0557,COMP_002
STU_0558,COMP_001
STU_0558,COMP_002
STU_0558,COMP_003
STU_0558,COMP_004
STU_0558,COMP_005
STU_0558,COMP_010
STU_0558,COMP_012
STU_0558,COMP_017
STU_0558,COMP_019
STU_0558,COMP_020
STU_0558,COMP_032
STU_0558,COMP_035
STU_0559,COMP_002
STU_0559,COMP_004
STU_0561,COMP_001
STU_0562,COMP_002
STU_0562,COMP_003
STU_0562,COMP_013
STU_0563,COMP_002
STU_0564,COMP_002
STU_0564,COMP_003
STU_0564,COMP_004
STU_0566,COMP_001
STU_0566,COMP_012
STU_0566,COMP_016
STU_0566,COMP_022
STU_0566,COMP_023
STU_0566,COMP_026
STU_0567,COMP_001
STU_0567,COMP_022
STU_0569,COMP_001
STU_0569,COMP_002
STU_0569,COMP_006
STU_0569,COMP_008
STU_0570,COMP_003
STU_0570,COMP_004
STU_0570,COMP_019
STU_0571,COMP_002
STU_0571,COMP_003
STU_0571,COMP_014
STU_0572,COMP_002
STU_0573,COMP_003
STU_0573,COMP_010
STU_0573,COMP_012
STU_0573,COMP_016
STU_0573,COMP_018
STU_0573,COMP_020
STU_0573,COMP_029
STU_0578,COMP_001
STU_0579,COMP_001
STU_0579,COMP_003
STU_0579,COMP_004
STU_0580,COMP_003
STU_0580,COMP_005
STU_0582,COMP_001
STU_0582,COMP_002
STU_0582,COMP_003
STU_0582,COMP_011
STU_0582,COMP_025
STU_0583,COMP_016
STU_0585,COMP_001
STU_0585,COMP_004
STU_0587,COMP_001
STU_0587,COMP_002
STU_0587,COMP_003
STU_0587,COMP_004
STU_0587,COMP_015
STU_0587,COMP_018
STU_0587,COMP_035
STU_0588,COMP_004
STU_0588,COMP_006
STU_0588,COMP_020
STU_0588,COMP_022
STU_0588,COMP_023
STU_0588,COMP_026
STU_0588,COMP_034
STU_0589,COMP_002
STU_0589,COMP_003
STU_0589,COMP_006
STU_0589,COMP_009
STU_0589,COMP_011
STU_0589,COMP_018
STU_0589,COMP_023
STU_0589,COMP_025
STU_0590,COMP_002
STU_0590,COMP_012
STU_0592,COMP_004
STU_0593,COMP_003
STU_0593,COMP_004
STU_0593,COMP_019
STU_0595,COMP_001
STU_0595,COMP_004
STU_0595,COMP_023
STU_0596,COMP_002
STU_0596,COMP_003
STU_0596,COMP_004
STU_0596,COMP_005
STU_0598,COMP_004
STU_0599,COMP_004
STU_0599,COMP_008
STU_0600,COMP_003
STU_0601,COMP_003
STU_0602,COMP_001
STU_0602,COMP_002
STU_0602,COMP_003
STU_0602,COMP_013
STU_0603,COMP_002
STU_0603,COMP_004
STU_0603,COMP_005
STU_0603,COMP_007
STU_0603,COMP_009
STU_0603,COMP_014
STU_0604,COMP_002
STU_0604,COMP_004
STU_0604,COMP_013
STU_0609,COMP_004
STU_0610,COMP_001
STU_0610,COMP_002
STU_0610,COMP_004
STU_0610,COMP_008
STU_0610,COMP_010
STU_0610,COMP_011
STU_0610,COMP_012
STU_0610,COMP_013
STU_0610,COMP_021
STU_0610,COMP_023
STU_0610,COMP_024
STU_0610,COMP_026
STU_0610,COMP_031
STU_0610,COMP_034
STU_0611,COMP_003
STU_0611,COMP_005
STU_0611,COMP_009
STU_0611,COMP_011
STU_0611,COMP_017
STU_0611,COMP_023
STU_0612,COMP_002
STU_0612,COMP_003
STU_0612,COMP_004
STU_0612,COMP_007
STU_0612,COMP_008
STU_0614,COMP_004
STU_0615,COMP_003
STU_0615,COMP_004
STU_0616,COMP_002
STU_0616,COMP_003
STU_0616,COMP_004
STU_0616,COMP_006
STU_0616,COMP_009
STU_0616,COMP_010
STU_0616,COMP_012
STU_0616,COMP_014
STU_0616,COMP_016
STU_0616,COMP_019
STU_0616,COMP_020
STU_0616,COMP_022
STU_0616,COMP_026
STU_0616,COMP_030
STU_0618,COMP_003
STU_0618,COMP_004
STU_0618,COMP_007
STU_0618,COMP_009
STU_0618,COMP_010
STU_0618,COMP_011
STU_0618,COMP_013
STU_0618,COMP_016
STU_0618,COMP_017
STU_0618,COMP_019
STU_0618,COMP_021
STU_0618,COMP_022
STU_0618,COMP_025
STU_0618,COMP_030
STU_0618,COMP_034
STU_0620,COMP_002
STU_0620,COMP_003
STU_0620,COMP_004
STU_0620,COMP_016
STU_0620,COMP_017
STU_0620,COMP_024
STU_0620,COMP_025
STU_0620,COMP_034
STU_0622,COMP_001
STU_0622,COMP_002
STU_0622,COMP_003
STU_0622,COMP_004
STU_0622,COMP_006
STU_0622,COMP_008
STU_0622,COMP_011
STU_0622,COMP_018
STU_0622,COMP_030
STU_0624,COMP_001
STU_0624,COMP_002
STU_0624,COMP_003
STU_0625,COMP_002
STU_0625,COMP_003
STU_0625,COMP_004
STU_0625,COMP_006
STU_0625,COMP_007
STU_0625,COMP_010
STU_0625,COMP_011
STU_0625,COMP_012
STU_0625,COMP_014
STU_0625,COMP_015
STU_0625,COMP_022
STU_0625,COMP_024
STU_0625,COMP_032
STU_0625,COMP_034
STU_0625,COMP_035
STU_0626,COMP_001
STU_0626,COMP_003
STU_0629,COMP_009
STU_0630,COMP_003
STU_0630,COMP_013
STU_0630,COMP_025
STU_0631,COMP_001
STU_0631,COMP_002
STU_0631,COMP_003
STU_0631,COMP_004
STU_0631,COMP_005
STU_0632,COMP_002
STU_0633,COMP_001
STU_0633,COMP_002
STU_0636,COMP_001
STU_0637,COMP_003
STU_0637,COMP_004
STU_0637,COMP_005
STU_0637,COMP_008
STU_0637,COMP_012
STU_0637,COMP_016
STU_0639,COMP_002
STU_0639,COMP_003
STU_0640,COMP_001
STU_0640,COMP_004
STU_0640,COMP_009
STU_0640,COMP_013
STU_0640,COMP_017
STU_0640,COMP_026
STU_0641,COMP_001
STU_0641,COMP_005
STU_0641,COMP_006
STU_0641,COMP_015
STU_0641,COMP_016
STU_0641,COMP_020
STU_0642,COMP_001
STU_0642,COMP_002
STU_0642,COMP_003
STU_0642,COMP_004
STU_0642,COMP_005
STU_0643,COMP_001
STU_0644,COMP_005
STU_0645,COMP_001
STU_0645,COMP_003
STU_0645,COMP_004
STU_0646,COMP_001
STU_0646,COMP_002
STU_0646,COMP_003
STU_0646,COMP_004
STU_0648,COMP_003
STU_0648,COMP_004
STU_0648,COMP_006
STU_0648,COMP_010
STU_0649,COMP_002
STU_0649,COMP_013
STU_0649,COMP_014
STU_0650,COMP_010
STU_0653,COMP_004
STU_0653,COMP_006
STU_0653,COMP_011
STU_0654,COMP_004
STU_0654,COMP_005
STU_0654,COMP_008
STU_0654,COMP_012
STU_0654,COMP_016
STU_0654,COMP_026
STU_0655,COMP_002
STU_0655,COMP_003
STU_0656,COMP_004
STU_0659,COMP_004
STU_0661,COMP_001
STU_0661,COMP_002
STU_0661,COMP_004
STU_0661,COMP_008
STU_0661,COMP_010
STU_0661,COMP_021
STU_0661,COMP_027
STU_0661,COMP_032
STU_0663,COMP_005
STU_0663,COMP_006
STU_0667,COMP_001
STU_0667,COMP_002
STU_0667,COMP_003
STU_0667,COMP_004
STU_0667,COMP_008
STU_0669,COMP_002
STU_0670,COMP_002
STU_0670,COMP_004
STU_0670,COMP_026
STU_0671,COMP_024
STU_0672,COMP_004
STU_0675,COMP_003
STU_0675,COMP_017
STU_0677,COMP_001
STU_0677,COMP_004
STU_0678,COMP_003
STU_0679,COMP_003
STU_0680,COMP_001
STU_0680,COMP_002
STU_0680,COMP_003
STU_0680,COMP_004
STU_0680,COMP_014
STU_0680,COMP_015
STU_0680,COMP_033
STU_0681,COMP_002
STU_0683,COMP_001
STU_0683,COMP_002
STU_0683,COMP_003
STU_0684,COMP_002
STU_0684,COMP_004
STU_0684,COMP_006
STU_0684,COMP_008
STU_0684,COMP_013
STU_0684,COMP_017
STU_0684,COMP_026
STU_0684,COMP_028
STU_0684,COMP_030
STU_0684,COMP_031
STU_0684,COMP_035
STU_0686,COMP_001
STU_0686,COMP_002
STU_0686,COMP_003
STU_0686,COMP_004
STU_0686,COMP_010
STU_0686,COMP_015
STU_0687,COMP_001
STU_0689,COMP_005
STU_0689,COMP_013
STU_0690,COMP_001
STU_0691,COMP_003
STU_0691,COMP_025
STU_0692,COMP_001
STU_0692,COMP_002
STU_0692,COMP_004
STU_0693,COMP_013
STU_0694,COMP_002
STU_0694,COMP_015
STU_0694,COMP_022
STU_0694,COMP_026
STU_0694,COMP_029
STU_0695,COMP_002
STU_0697,COMP_001
STU_0697,COMP_002
STU_0698,COMP_004
STU_0699,COMP_001
STU_0699,COMP_002
STU_0699,COMP_003
STU_0699,COMP_004
STU_0699,COMP_007
STU_0699,COMP_008
STU_0699,COMP_013
STU_0699,COMP_014
STU_0699,COMP_017
STU_0699,COMP_021
STU_0699,COMP_024
STU_0699,COMP_028
STU_0699,COMP_032
STU_0699,COMP_034
STU_0699,COMP_035
STU_0701,COMP_001
STU_0703,COMP_001
STU_0703,COMP_002
STU_0703,COMP_003
STU_0703,COMP_004
STU_0703,COMP_007
STU_0703,COMP_014
STU_0703,COMP_025
STU_0703,COMP_027
STU_0703,COMP_029
STU_0703,COMP_031
STU_0703,COMP_032
STU_0703,COMP_033
STU_0703,COMP_035
STU_0706,COMP_001
STU_0706,COMP_002
STU_0706,COMP_003
STU_0706,COMP_004
STU_0706,COMP_005
STU_0706,COMP_027
STU_0707,COMP_001
STU_0707,COMP_002
STU_0707,COMP_004
STU_0707,COMP_007
STU_0707,COMP_009
STU_0708,COMP_001
STU_0708,COMP_002
STU_0708,COMP_003
STU_0708,COMP_004
STU_0708,COMP_007
STU_0708,COMP_008
STU_0708,COMP_010
STU_0708,COMP_016
STU_0708,COMP_017
STU_0708,COMP_020
STU_0708,COMP_025
STU_0708,COMP_026
STU_0708,COMP_030
STU_0708,COMP_033
STU_0708,COMP_035
STU_0710,COMP_001
STU_0710,COMP_002
STU_0710,COMP_003
STU_0710,COMP_004
STU_0710,COMP_008
STU_0713,COMP_001
STU_0713,COMP_002
STU_0713,COMP_004
STU_0713,COMP_005
STU_0713,COMP_007
STU_0713,COMP_010
STU_0713,COMP_022
STU_0714,COMP_001
STU_0714,COMP_002
STU_0714,COMP_003
STU_0714,COMP_004
STU_0714,COMP_006
STU_0714,COMP_008
STU_0714,COMP_010
STU_0714,COMP_012
STU_0714,COMP_015
STU_0714,COMP_018
STU_0714,COMP_021
STU_0714,COMP_022
STU_0714,COMP_023
STU_0714,COMP_024
STU_0714,COMP_027
STU_0714,COMP_028
STU_0714,COMP_029
STU_0714,COMP_030
STU_0714,COMP_034
STU_0715,COMP_001
STU_0715,COMP_002
STU_0715,COMP_003
STU_0715,COMP_004
STU_0715,COMP_020
STU_0715,COMP_022
STU_0715,COMP_024
STU_0716,COMP_001
STU_0716,COMP_002
STU_0716,COMP_003
STU_0716,COMP_004
STU_0716,COMP_007
STU_0716,COMP_010
STU_0716,COMP_012
STU_0716,COMP_015
STU_0716,COMP_022
STU_0716,COMP_030
STU_0716,COMP_033
STU_0717,COMP_003
STU_0718,COMP_002
STU_0718,COMP_004
STU_0719,COMP_003
STU_0719,COMP_004
STU_0720,COMP_002
STU_0720,COMP_003
STU_0720,COMP_013
STU_0721,COMP_002
STU_0721,COMP_004
STU_0721,COMP_008
STU_0721,COMP_023
STU_0721,COMP_024
STU_0723,COMP_004
STU_0723,COMP_026
STU_0726,COMP_001
STU_0726,COMP_002
STU_0726,COMP_003
STU_0726,COMP_004
STU_0726,COMP_009
STU_0726,COMP_013
STU_0726,COMP_015
STU_0726,COMP_018
STU_0726,COMP_022
STU_0726,COMP_023
STU_0726,COMP_025
STU_0726,COMP_027
STU_0726,COMP_029
STU_0726,COMP_030
STU_0726,COMP_031
STU_0726,COMP_032
STU_0727,COMP_002
STU_0727,COMP_003
STU_0727,COMP_008
STU_0727,COMP_012
STU_0730,COMP_004
STU_0730,COMP_006
STU_0731,COMP_002
STU_0731,COMP_004
STU_0734,COMP_001
STU_0734,COMP_002
STU_0734,COMP_004
STU_0734,COMP_007
STU_0734,COMP_010
STU_0734,COMP_011
STU_0734,COMP_014
STU_0734,COMP_015
STU_0734,COMP_018
STU_0734,COMP_020
STU_0734,COMP_023
STU_0734,COMP_024
STU_0734,COMP_029
STU_0734,COMP_031
STU_0734,COMP_033
STU_0734,COMP_035
STU_0735,COMP_004
STU_0737,COMP_002
STU_0737,COMP_003
STU_0737,COMP_004
STU_0737,COMP_018
STU_0737,COMP_023
STU_0737,COMP_027
STU_0738,COMP_001
STU_0738,COMP_004
STU_0738,COMP_005
STU_0738,COMP_015
STU_0738,COMP_028
STU_0739,COMP_020
STU_0740,COMP_004
STU_0740,COMP_010
STU_0740,COMP_020
STU_0741,COMP_001
STU_0741,COMP_003
STU_0741,COMP_004
STU_0741,COMP_008
STU_0741,COMP_019
STU_0743,COMP_001
STU_0743,COMP_004
STU_0743,COMP_023
STU_0744,COMP_004
STU_0745,COMP_003
STU_0746,COMP_003
STU_0746,COMP_004
STU_0746,COMP_005
STU_0746,COMP_013
STU_0746,COMP_029
STU_0747,COMP_002
STU_0747,COMP_004
STU_0748,COMP_001
STU_0748,COMP_005
STU_0748,COMP_009
STU_0748,COMP_015
STU_0749,COMP_003
STU_0749,COMP_004
STU_0751,COMP_004
STU_0752,COMP_002
STU_0752,COMP_004
STU_0752,COMP_013
STU_0752,COMP_014
STU_0752,COMP_016
STU_0752,COMP_017
STU_0752,COMP_026
STU_0752,COMP_027
STU_0753,COMP_002
STU_0753,COMP_003
STU_0753,COMP_004
STU_0753,COMP_006
STU_0753,COMP_008
STU_0753,COMP_009
STU_0753,COMP_010
STU_0753,COMP_011
STU_0753,COMP_015
STU_0753,COMP_021
STU_0753,COMP_031
STU_0753,COMP_032
STU_0754,COMP_001
STU_0754,COMP_002
STU_0754,COMP_004
STU_0754,COMP_009
STU_0754,COMP_013
STU_0754,COMP_015
STU_0754,COMP_019
STU_0754,COMP_022
STU_0756,COMP_001
STU_0756,COMP_002
STU_0756,COMP_007
STU_0756,COMP_019
STU_0757,COMP_001
STU_0757,COMP_002
STU_0757,COMP_003
STU_0757,COMP_005
STU_0757,COMP_010
STU_0757,COMP_014
STU_0757,COMP_018
STU_0757,COMP_027
STU_0757,COMP_031
STU_0757,COMP_033
STU_0758,COMP_001
STU_0758,COMP_003
STU_0758,COMP_004
STU_0758,COMP_021
STU_0758,COMP_022
STU_0760,COMP_002
STU_0761,COMP_004
STU_0762,COMP_004
STU_0763,COMP_003
STU_0763,COMP_004
STU_0765,COMP_002
STU_0766,COMP_003
STU_0766,COMP_004
STU_0766,COMP_007
STU_0766,COMP_024
STU_0769,COMP_001
STU_0769,COMP_003
STU_0769,COMP_008
STU_0769,COMP_011
STU_0770,COMP_007
STU_0770,COMP_008
STU_0772,COMP_004
STU_0774,COMP_001
STU_0774,COMP_003
STU_0774,COMP_004
STU_0774,COMP_005
STU_0774,COMP_006
STU_0774,COMP_014
STU_0774,COMP_019
STU_0774,COMP_020
STU_0774,COMP_022
STU_0774,COMP_024
STU_0774,COMP_025
STU_0775,COMP_001
STU_0775,COMP_002
STU_0775,COMP_003
STU_0775,COMP_011
STU_0775,COMP_012
STU_0775,COMP_013
STU_0777,COMP_001
STU_0777,COMP_002
STU_0777,COMP_004
STU_0777,COMP_011
STU_0777,COMP_012
STU_0777,COMP_016
STU_0777,COMP_021
STU_0779,COMP_011
STU_0780,COMP_002
STU_0780,COMP_004
STU_0781,COMP_001
STU_0781,COMP_002
STU_0781,COMP_003
STU_0781,COMP_004
STU_0781,COMP_011
STU_0781,COMP_025
STU_0782,COMP_001
STU_0782,COMP_002
STU_0782,COMP_004
STU_0785,COMP_001
STU_0785,COMP_005
STU_0786,COMP_001
STU_0786,COMP_002
STU_0786,COMP_003
STU_0786,COMP_008
STU_0786,COMP_011
STU_0786,COMP_018
STU_0786,COMP_019
STU_0786,COMP_020
STU_0787,COMP_002
STU_0787,COMP_003
STU_0787,COMP_004
STU_0787,COMP_008
STU_0787,COMP_015
STU_0787,COMP_023
STU_0787,COMP_030
STU_0787,COMP_034
STU_0789,COMP_001
STU_0789,COMP_004
STU_0793,COMP_003
STU_0793,COMP_021
STU_0793,COMP_022
STU_0794,COMP_003
STU_0794,COMP_005
STU_0794,COMP_019
STU_0795,COMP_002
STU_0795,COMP_004
STU_0795,COMP_016
STU_0795,COMP_018
STU_0795,COMP_025
STU_0795,COMP_030
STU_0797,COMP_002
STU_0797,COMP_004
STU_0797,COMP_009
STU_0797,COMP_011
STU_0797,COMP_014
STU_0797,COMP_016
STU_0797,COMP_019
STU_0798,COMP_002
STU_0799,COMP_019
STU_0800,COMP_001
