id,name,cgpa,branch,shortlist_count,shortlisted_company_ids
STU_0001,Rohan Verma,8.91,CS,5,COMP_002;COMP_003;COMP_004;COMP_014;COMP_024
STU_0002,Aditya Iyer,7.58,MECH,3,COMP_001;COMP_002;COMP_004
STU_0003,Arjun Mehta,7.25,ECE,1,COMP_006
STU_0004,Riya Sharma,7.79,ISE,2,COMP_001;COMP_004
STU_0005,Rahul Joshi,9.32,ECE,8,COMP_003;COMP_004;COMP_005;COMP_007;COMP_008;COMP_010;COMP_011;COMP_015
STU_0006,Divya Iyer,9.11,CS,9,COMP_001;COMP_002;COMP_003;COMP_004;COMP_007;COMP_013;COMP_024;COMP_027;COMP_030
STU_0007,Rahul Iyer,9.75,ISE,16,COMP_002;COMP_003;COMP_004;COMP_005;COMP_011;COMP_012;COMP_014;COMP_019;COMP_020;COMP_021;COMP_023;COMP_024;COMP_027;COMP_029;COMP_030;COMP_031
STU_0008,Priya Reddy,6.96,ISE,0,
STU_0009,Pooja Iyer,6.87,MECH,0,
STU_0010,Karan Sharma,7.56,ISE,4,COMP_001;COMP_002;COMP_004;COMP_011
STU_0011,Pooja Reddy,7.07,ISE,1,COMP_002
STU_0012,Kavya Patel,7.64,CS,3,COMP_002;COMP_003;COMP_004
STU_0013,Riya Nair,7.18,CS,2,COMP_001;COMP_002
STU_0014,Ishita Iyer,7.64,CS,2,COMP_002;COMP_004
STU_0015,Vikram Gupta,8.4,CS,2,COMP_011;COMP_012
STU_0016,Arjun Kumar,6.77,ECE,0,
STU_0017,Kavya Patel,7.04,ISE,2,COMP_001;COMP_002
STU_0018,Yash Deshmukh,7.54,CS,0,
STU_0019,Ananya Deshmukh,9.32,ISE,11,COMP_001;COMP_003;COMP_004;COMP_007;COMP_013;COMP_014;COMP_015;COMP_021;COMP_022;COMP_025;COMP_031
STU_0020,Ananya Joshi,7.68,CS,2,COMP_010;COMP_013
STU_0021,Vikram Nair,7.72,CS,0,
STU_0022,Yash Bhat,9.23,ECE,5,COMP_003;COMP_004;COMP_019;COMP_022;COMP_026
STU_0023,Priya Rao,6.49,CS,0,
STU_0024,Pooja Chowdhury,7.79,ECE,3,COMP_003;COMP_004;COMP_013
STU_0025,Abhinav Rao,7.84,ISE,0,
STU_0026,Tanvi Joshi,7.32,CS,3,COMP_001;COMP_003;COMP_004
STU_0027,Riya Mehta,8.15,MECH,1,COMP_024
STU_0028,Sneha Kulkarni,8.05,CS,4,COMP_001;COMP_003;COMP_004;COMP_011
STU_0029,Riya Rao,7.91,ISE,4,COMP_001;COMP_002;COMP_008;COMP_012
STU_0030,Riya Sharma,7.29,CS,1,COMP_003
STU_0031,Sneha Chowdhury,9.51,CIVIL,5,COMP_001;COMP_002;COMP_004;COMP_024;COMP_035
STU_0032,Vikram Singh,6.65,ISE,1,COMP_001
STU_0033,Arjun Kulkarni,7.64,CIVIL,2,COMP_001;COMP_002
STU_0034,Varun Reddy,7.66,CIVIL,1,COMP_002
STU_0035,Riya Bhat,10.0,ISE,20,COMP_001;COMP_002;COMP_003;COMP_004;COMP_005;COMP_009;COMP_010;COMP_013;COMP_016;COMP_018;COMP_020;COMP_024;COMP_025;COMP_027;COMP_028;COMP_030;COMP_031;COMP_032;COMP_033;COMP_034
STU_0036,Neha Gupta,6.64,CS,0,
STU_0037,Tanvi Joshi,6.39,CIVIL,0,
STU_0038,Yash Bhat,6.94,CS,0,
STU_0039,Karan Patel,7.99,ISE,4,COMP_001;COMP_002;COMP_003;COMP_011
STU_0040,Rohan Patel,7.09,MECH,0,
STU_0041,Yash Deshmukh,7.65,ECE,2,COMP_003;COMP_013
STU_0042,Ananya Patel,8.15,ISE,3,COMP_001;COMP_005;COMP_026
STU_0043,Rahul Gupta,6.44,ISE,1,COMP_004
STU_0044,Siddharth Deshmukh,6.93,ECE,0,
STU_0045,Varun Joshi,8.68,CS,8,COMP_001;COMP_002;COMP_003;COMP_004;COMP_008;COMP_012;COMP_025;COMP_034
STU_0046,Rohan Sharma,8.76,CIVIL,0,
STU_0047,Rohan Gupta,10.0,ISE,17,COMP_001;COMP_002;COMP_003;COMP_004;COMP_007;COMP_010;COMP_013;COMP_015;COMP_017;COMP_018;COMP_019;COMP_024;COMP_029;COMP_030;COMP_031;COMP_032;COMP_034
STU_0048,Aditya Kumar,7.56,ISE,1,COMP_002
STU_0049,Sneha Mehta,8.37,MECH,1,COMP_014
STU_0050,Nikhil Reddy,6.87,MECH,0,
STU_0051,Aarav Reddy,9.2,ECE,4,COMP_004;COMP_009;COMP_023;COMP_031
STU_0052,Priya Nair,7.47,CIVIL,0,
STU_0053,Aditya Kulkarni,8.99,CS,8,COMP_002;COMP_003;COMP_004;COMP_008;COMP_010;COMP_019;COMP_021;COMP_023
STU_0054,Vikram Joshi,6.44,CS,1,COMP_004
STU_0055,Ishita Kulkarni,7.03,CS,1,COMP_002
STU_0056,Ananya Patel,6.96,CIVIL,0,
STU_0057,Siddharth Nair,7.76,ECE,0,
STU_0058,Rahul Iyer,7.31,ECE,0,
STU_0059,Aarav Rao,6.5,ECE,0,
STU_0060,Nikhil Nair,7.23,CS,1,COMP_001
STU_0061,Aditya Chowdhury,8.34,ISE,4,COMP_001;COMP_003;COMP_005;COMP_015
STU_0062,Neha Kumar,6.35,CS,0,
STU_0063,Pooja Gupta,8.22,MECH,3,COMP_004;COMP_008;COMP_009
STU_0064,Shreya Rao,5.51,ECE,0,
STU_0065,Meera Nair,5.51,ISE,0,
STU_0066,Kavya Iyer,6.78,CIVIL,0,
STU_0067,Aarav Iyer,8.45,CIVIL,5,COMP_003;COMP_011;COMP_013;COMP_016;COMP_023
STU_0068,Siddharth Chowdhury,5.5,ECE,0,
STU_0069,Rahul Iyer,8.92,MECH,5,COMP_004;COMP_005;COMP_023;COMP_029;COMP_033
STU_0070,Priya Singh,6.09,ECE,0,
STU_0071,Varun Kumar,8.09,MECH,1,COMP_009
STU_0072,Kavya Deshmukh,6.99,CS,1,COMP_001
STU_0073,Rohan Kulkarni,7.94,CS,3,COMP_002;COMP_004;COMP_025
STU_0074,Karan Singh,8.52,ISE,7,COMP_001;COMP_003;COMP_004;COMP_005;COMP_014;COMP_015;COMP_034
STU_0075,Aarav Rao,8.15,ECE,3,COMP_001;COMP_004;COMP_011
STU_0076,Rahul Iyer,6.78,MECH,0,
STU_0077,Meera Chowdhury,7.91,ISE,3,COMP_002;COMP_011;COMP_014
STU_0078,Siddharth Chowdhury,7.57,CS,2,COMP_003;COMP_004
STU_0079,Yash Gupta,6.52,ECE,0,
STU_0080,Nikhil Chowdhury,7.52,CS,3,COMP_001;COMP_003;COMP_008
STU_0081,Tanvi Gupta,8.82,CS,6,COMP_001;COMP_002;COMP_004;COMP_022;COMP_026;COMP_028
STU_0082,Rohan Joshi,6.98,ISE,0,
STU_0083,Neha Reddy,7.31,ECE,1,COMP_003
STU_0084,Siddharth Singh,7.11,ECE,0,
STU_0085,Shreya Singh,6.92,ECE,1,COMP_002
STU_0086,Sneha Reddy,7.36,ECE,1,COMP_001
STU_0087,Vikram Chowdhury,8.07,ISE,6,COMP_002;COMP_003;COMP_004;COMP_013;COMP_025;COMP_026
STU_0088,Meera Joshi,6.79,ECE,0,
STU_0089,Ishita Iyer,6.89,ISE,0,
STU_0090,Neha Joshi,7.87,ECE,1,COMP_003
STU_0091,Neha Deshmukh,8.37,CS,6,COMP_001;COMP_002;COMP_003;COMP_004;COMP_009;COMP_012
STU_0092,Aditya Sharma,7.36,MECH,1,COMP_011
STU_0093,Rohan Mehta,9.1,CS,8,COMP_002;COMP_003;COMP_004;COMP_006;COMP_017;COMP_024;COMP_032;COMP_035
STU_0094,Abhinav Gupta,7.45,ISE,4,COMP_002;COMP_003;COMP_005;COMP_007
STU_0095,Aditya Sharma,6.77,ECE,1,COMP_002
STU_0096,Priya Chowdhury,8.34,MECH,1,COMP_001
STU_0097,Varun Verma,8.17,CS,3,COMP_002;COMP_004;COMP_018
STU_0098,Priya Mehta,6.0,ISE,0,
STU_0099,Riya Joshi,6.28,CS,0,
STU_0100,Varun Chowdhury,7.9,CIVIL,0,
STU_0101,Tanvi Bhat,5.5,MECH,0,
STU_0102,Kavya Kulkarni,6.9,ISE,1,COMP_003
STU_0103,Rahul Mehta,6.07,ECE,0,
STU_0104,Neha Deshmukh,7.39,CS,3,COMP_001;COMP_002;COMP_004
STU_0105,Aditya Nair,7.02,CS,0,
STU_0106,Nikhil Nair,8.84,CS,8,COMP_001;COMP_002;COMP_004;COMP_009;COMP_011;COMP_016;COMP_021;COMP_025
STU_0107,Riya Mehta,8.64,ECE,7,COMP_002;COMP_003;COMP_004;COMP_007;COMP_008;COMP_027;COMP_034
STU_0108,Vikram Chowdhury,8.04,ISE,3,COMP_003;COMP_010;COMP_020
STU_0109,Aarav Singh,7.93,ISE,2,COMP_002;COMP_011
STU_0110,Pooja Reddy,5.5,ISE,0,
STU_0111,Divya Deshmukh,9.25,ECE,6,COMP_001;COMP_004;COMP_007;COMP_010;COMP_020;COMP_033
STU_0112,Rahul Chowdhury,5.5,ISE,0,
STU_0113,Arjun Iyer,6.35,ISE,0,
STU_0114,Aditya Sharma,8.65,MECH,2,COMP_002;COMP_004
STU_0115,Rohan Chowdhury,6.24,CIVIL,0,
STU_0116,Varun Iyer,6.71,CS,0,
STU_0117,Siddharth Joshi,7.05,CS,0,
STU_0118,Arjun Kulkarni,8.12,ECE,5,COMP_001;COMP_002;COMP_003;COMP_009;COMP_010
STU_0119,Rohan Bhat,8.01,ECE,4,COMP_002;COMP_004;COMP_005;COMP_015
STU_0120,Riya Verma,6.87,CS,1,COMP_004
STU_0121,Abhinav Verma,6.66,CIVIL,0,
STU_0122,Kavya Gupta,8.89,ECE,5,COMP_002;COMP_003;COMP_004;COMP_030;COMP_031
STU_0123,Ishita Rao,7.01,MECH,0,
STU_0124,Vikram Mehta,7.04,ISE,0,
STU_0125,Meera Rao,7.67,ECE,0,
STU_0126,Sneha Reddy,6.94,ECE,0,
STU_0127,Shreya Singh,8.54,CS,2,COMP_002;COMP_024
STU_0128,Nikhil Gupta,7.75,ISE,1,COMP_002
STU_0129,Priya Reddy,7.04,CS,1,COMP_004
STU_0130,Meera Rao,6.16,MECH,0,
STU_0131,Riya Chowdhury,7.31,ECE,0,
STU_0132,Rohan Joshi,7.47,ECE,1,COMP_004
STU_0133,Divya Kumar,6.48,CS,0,
STU_0134,Varun Nair,8.21,ECE,2,COMP_003;COMP_004
STU_0135,Rahul Bhat,7.31,ISE,1,COMP_013
STU_0136,Tanvi Kulkarni,5.5,ISE,0,
STU_0137,Rahul Mehta,7.67,CS,2,COMP_003;COMP_004
STU_0138,Varun Singh,10.0,CS,19,COMP_001;COMP_002;COMP_004;COMP_008;COMP_010;COMP_011;COMP_012;COMP_015;COMP_016;COMP_017;COMP_019;COMP_020;COMP_021;COMP_022;COMP_027;COMP_028;COMP_029;COMP_030;COMP_031
STU_0139,Ishita Gupta,6.63,CS,0,
STU_0140,Rahul Joshi,7.63,ISE,4,COMP_001;COMP_004;COMP_012;COMP_020
STU_0141,Riya Sharma,5.74,CS,0,
STU_0142,Vikram Patel,6.31,ISE,0,
STU_0143,Kavya Bhat,6.43,CS,0,
STU_0144,Ishita Mehta,8.38,ECE,7,COMP_001;COMP_002;COMP_004;COMP_006;COMP_021;COMP_023;COMP_024
STU_0145,Nikhil Deshmukh,8.25,ECE,1,COMP_016
STU_0146,Yash Kumar,8.03,CS,7,COMP_001;COMP_002;COMP_003;COMP_004;COMP_006;COMP_012;COMP_023
STU_0147,Tanvi Joshi,6.46,ISE,0,
STU_0148,Varun Kulkarni,7.38,ISE,1,COMP_004
STU_0149,Siddharth Rao,7.81,CS,4,COMP_002;COMP_003;COMP_004;COMP_017
STU_0150,Nikhil Iyer,9.35,ECE,9,COMP_002;COMP_004;COMP_006;COMP_009;COMP_011;COMP_024;COMP_025;COMP_033;COMP_035
STU_0151,Yash Reddy,7.54,CS,3,COMP_001;COMP_002;COMP_003
STU_0152,Vikram Reddy,6.72,CIVIL,0,
STU_0153,Riya Nair,7.68,CS,3,COMP_001;COMP_011;COMP_013
STU_0154,Ananya Reddy,7.77,CS,3,COMP_002;COMP_003;COMP_004
STU_0155,Ishita Rao,9.15,ECE,7,COMP_004;COMP_005;COMP_006;COMP_017;COMP_024;COMP_027;COMP_029
STU_0156,Yash Reddy,9.18,MECH,2,COMP_001;COMP_010
STU_0157,Ananya Kulkarni,6.95,ISE,1,COMP_001
STU_0158,Ishita Rao,7.86,CIVIL,1,COMP_002
STU_0159,Abhinav Verma,7.25,MECH,0,
STU_0160,Yash Reddy,7.85,CS,1,COMP_004
STU_0161,Divya Deshmukh,7.62,CS,2,COMP_001;COMP_003
STU_0162,Arjun Mehta,9.01,ECE,10,COMP_003;COMP_005;COMP_008;COMP_009;COMP_010;COMP_013;COMP_022;COMP_026;COMP_028;COMP_032
STU_0163,Divya Reddy,7.17,CIVIL,0,
STU_0164,Ananya Rao,9.0,ISE,8,COMP_003;COMP_004;COMP_007;COMP_008;COMP_021;COMP_023;COMP_031;COMP_034
STU_0165,Shreya Patel,7.8,CIVIL,1,COMP_004
STU_0166,Sneha Patel,8.33,CS,3,COMP_001;COMP_003;COMP_008
STU_0167,Ishita Reddy,6.19,CS,0,
STU_0168,Neha Reddy,8.51,CS,7,COMP_003;COMP_004;COMP_013;COMP_014;COMP_021;COMP_024;COMP_034
STU_0169,Rahul Gupta,5.99,ECE,0,
STU_0170,Riya Deshmukh,8.08,ISE,1,COMP_003
STU_0171,Rohan Verma,9.33,ECE,9,COMP_003;COMP_004;COMP_006;COMP_017;COMP_020;COMP_021;COMP_024;COMP_026;COMP_035
STU_0172,Neha Reddy,6.48,CS,0,
STU_0173,Arjun Kulkarni,6.68,ISE,0,
STU_0174,Ishita Mehta,7.78,ISE,4,COMP_001;COMP_002;COMP_004;COMP_005
STU_0175,Siddharth Kulkarni,8.73,CS,7,COMP_001;COMP_003;COMP_004;COMP_005;COMP_011;COMP_018;COMP_020
STU_0176,Kavya Sharma,7.89,CS,2,COMP_001;COMP_002
STU_0177,Ananya Iyer,7.19,CIVIL,1,COMP_002
STU_0178,Abhinav Mehta,6.83,ISE,0,
STU_0179,Abhinav Bhat,8.21,CIVIL,1,COMP_001
STU_0180,Ishita Kumar,8.93,CIVIL,3,COMP_001;COMP_002;COMP_010
STU_0181,Sneha Joshi,7.38,ISE,2,COMP_002;COMP_003
STU_0182,Ishita Reddy,8.07,ISE,6,COMP_002;COMP_003;COMP_004;COMP_016;COMP_019;COMP_026
STU_0183,Ananya Mehta,6.09,ECE,0,
STU_0184,Rahul Joshi,8.69,CS,6,COMP_001;COMP_004;COMP_006;COMP_021;COMP_025;COMP_028
STU_0185,Aarav Mehta,7.91,CS,5,COMP_001;COMP_003;COMP_008;COMP_009;COMP_011
STU_0186,Vikram Kumar,5.5,ISE,0,
STU_0187,Ananya Gupta,6.41,ECE,0,
STU_0188,Aditya Reddy,7.61,CS,3,COMP_001;COMP_003;COMP_004
STU_0189,Abhinav Deshmukh,7.42,ISE,1,COMP_004
STU_0190,Neha Sharma,7.07,ECE,1,COMP_004
STU_0191,Priya Mehta,10.0,ISE,16,COMP_001;COMP_002;COMP_003;COMP_004;COMP_006;COMP_010;COMP_011;COMP_014;COMP_015;COMP_018;COMP_021;COMP_024;COMP_025;COMP_026;COMP_029;COMP_030
STU_0192,Abhinav Nair,9.5,CIVIL,0,
STU_0193,Rahul Chowdhury,7.33,ISE,3,COMP_001;COMP_002;COMP_013
STU_0194,Ishita Deshmukh,6.32,MECH,0,
STU_0195,Meera Nair,8.04,ISE,3,COMP_001;COMP_004;COMP_014
STU_0196,Rahul Chowdhury,8.16,MECH,3,COMP_004;COMP_006;COMP_015
STU_0197,Aarav Reddy,7.8,CS,1,COMP_001
STU_0198,Yash Bhat,6.76,ECE,0,
STU_0199,Siddharth Singh,6.4,MECH,0,
STU_0200,Siddharth Gupta,8.02,ISE,6,COMP_001;COMP_002;COMP_003;COMP_004;COMP_005;COMP_007
STU_0201,Divya Verma,7.68,CIVIL,0,
STU_0202,Ishita Singh,8.68,CS,6,COMP_001;COMP_003;COMP_021;COMP_022;COMP_024;COMP_034
STU_0203,Aditya Bhat,6.55,ISE,0,
STU_0204,Aditya Joshi,5.85,CIVIL,0,
STU_0205,Karan Mehta,8.43,MECH,2,COMP_004;COMP_009
STU_0206,Aditya Chowdhury,6.76,CS,0,
STU_0207,Rahul Joshi,8.03,MECH,3,COMP_001;COMP_008;COMP_011
STU_0208,Arjun Patel,7.52,ECE,1,COMP_019
STU_0209,Arjun Joshi,8.91,MECH,4,COMP_002;COMP_004;COMP_006;COMP_009
STU_0210,Ishita Verma,5.86,ECE,0,
STU_0211,Neha Deshmukh,7.76,ECE,1,COMP_003
STU_0212,Divya Rao,9.26,ECE,7,COMP_003;COMP_004;COMP_010;COMP_014;COMP_016;COMP_017;COMP_021
STU_0213,Sneha Reddy,7.46,ECE,2,COMP_001;COMP_003
STU_0214,Ananya Joshi,7.11,CIVIL,0,
STU_0215,Aditya Deshmukh,7.31,ECE,0,
STU_0216,Yash Iyer,8.63,ISE,3,COMP_004;COMP_007;COMP_021
STU_0217,Meera Deshmukh,9.56,CS,11,COMP_001;COMP_002;COMP_003;COMP_004;COMP_006;COMP_008;COMP_011;COMP_012;COMP_021;COMP_033;COMP_035
STU_0218,Yash Nair,8.66,ISE,11,COMP_002;COMP_004;COMP_006;COMP_008;COMP_009;COMP_010;COMP_011;COMP_012;COMP_018;COMP_026;COMP_030
STU_0219,Shreya Sharma,6.81,CS,1,COMP_004
STU_0220,Varun Reddy,6.67,MECH,0,
STU_0221,Pooja Reddy,8.25,ECE,1,COMP_004
STU_0222,Divya Kulkarni,8.59,ECE,7,COMP_002;COMP_004;COMP_006;COMP_012;COMP_026;COMP_029;COMP_034
STU_0223,Ishita Rao,6.24,ISE,0,
STU_0224,Yash Kumar,10.0,CS,18,COMP_001;COMP_003;COMP_004;COMP_005;COMP_006;COMP_008;COMP_010;COMP_011;COMP_015;COMP_016;COMP_017;COMP_019;COMP_022;COMP_030;COMP_031;COMP_033;COMP_034;COMP_035
STU_0225,Shreya Singh,8.52,ISE,5,COMP_001;COMP_004;COMP_007;COMP_014;COMP_016
STU_0226,Yash Verma,7.56,CS,2,COMP_004;COMP_013
STU_0227,Neha Deshmukh,7.54,CIVIL,3,COMP_002;COMP_003;COMP_004
STU_0228,Pooja Deshmukh,5.52,ECE,0,
STU_0229,Tanvi Nair,6.4,ECE,0,
STU_0230,Abhinav Verma,6.46,ECE,0,
STU_0231,Tanvi Nair,6.25,CS,0,
STU_0232,Neha Joshi,8.13,CS,2,COMP_001;COMP_003
STU_0233,Riya Kumar,7.86,ECE,2,COMP_001;COMP_002
STU_0234,Rahul Iyer,8.12,ISE,6,COMP_001;COMP_003;COMP_004;COMP_008;COMP_015;COMP_019
STU_0235,Neha Joshi,8.17,CS,5,COMP_001;COMP_002;COMP_004;COMP_007;COMP_015
STU_0236,Varun Patel,6.47,MECH,0,
STU_0237,Tanvi Singh,9.73,CS,13,COMP_001;COMP_002;COMP_005;COMP_008;COMP_010;COMP_011;COMP_018;COMP_022;COMP_024;COMP_026;COMP_029;COMP_032;COMP_035
STU_0238,Riya Kumar,7.14,CIVIL,0,
STU_0239,Priya Mehta,6.92,CS,1,COMP_003
STU_0240,Tanvi Kulkarni,8.13,ISE,6,COMP_003;COMP_004;COMP_005;COMP_006;COMP_024;COMP_025
STU_0241,Priya Deshmukh,8.75,ISE,4,COMP_001;COMP_003;COMP_028;COMP_033
STU_0242,Meera Joshi,5.5,ISE,0,
STU_0243,Varun Reddy,7.67,CIVIL,1,COMP_004
STU_0244,Priya Nair,7.99,ECE,0,
STU_0245,Priya Rao,10.0,CS,15,COMP_001;COMP_002;COMP_003;COMP_004;COMP_010;COMP_011;COMP_019;COMP_021;COMP_027;COMP_028;COMP_031;COMP_032;COMP_033;COMP_034;COMP_035
STU_0246,Riya Nair,8.45,CS,6,COMP_003;COMP_010;COMP_014;COMP_020;COMP_023;COMP_026
STU_0247,Nikhil Chowdhury,5.75,ISE,0,
STU_0248,Tanvi Nair,9.55,ISE,15,COMP_001;COMP_002;COMP_003;COMP_004;COMP_006;COMP_008;COMP_013;COMP_017;COMP_018;COMP_019;COMP_023;COMP_024;COMP_030;COMP_032;COMP_034
STU_0249,Meera Chowdhury,6.43,MECH,0,
STU_0250,Rahul Verma,5.88,CIVIL,0,
STU_0251,Kavya Kumar,7.84,ECE,0,
STU_0252,Shreya Kumar,8.77,CS,8,COMP_001;COMP_002;COMP_004;COMP_007;COMP_013;COMP_015;COMP_016;COMP_025
STU_0253,Arjun Kulkarni,8.63,ISE,8,COMP_001;COMP_002;COMP_004;COMP_009;COMP_012;COMP_015;COMP_025;COMP_029
STU_0254,Priya Mehta,7.46,CS,4,COMP_003;COMP_004;COMP_007;COMP_011
STU_0255,Aarav Verma,7.97,CS,4,COMP_001;COMP_003;COMP_004;COMP_020
STU_0256,Kavya Nair,9.13,ECE,9,COMP_001;COMP_003;COMP_004;COMP_008;COMP_012;COMP_016;COMP_017;COMP_031;COMP_033
STU_0257,Riya Gupta,8.17,ECE,1,COMP_004
STU_0258,Kavya Joshi,9.59,ISE,8,COMP_002;COMP_003;COMP_004;COMP_011;COMP_024;COMP_028;COMP_029;COMP_030
STU_0259,Rahul Nair,7.96,ECE,2,COMP_001;COMP_006
STU_0260,Riya Kulkarni,6.16,CIVIL,0,
STU_0261,Aditya Sharma,9.3,ECE,8,COMP_001;COMP_002;COMP_003;COMP_006;COMP_014;COMP_016;COMP_030;COMP_033
STU_0262,Kavya Joshi,9.01,ISE,7,COMP_002;COMP_003;COMP_006;COMP_012;COMP_017;COMP_029;COMP_034
STU_0263,Divya Rao,7.54,CS,1,COMP_017
STU_0264,Ishita Mehta,8.17,ECE,4,COMP_001;COMP_005;COMP_015;COMP_026
STU_0265,Karan Deshmukh,7.07,ECE,0,
STU_0266,Ananya Reddy,7.56,CIVIL,0,
STU_0267,Ishita Singh,7.98,ISE,3,COMP_001;COMP_002;COMP_003
STU_0268,Priya Bhat,7.51,ISE,1,COMP_001
STU_0269,Siddharth Nair,5.5,ECE,0,
STU_0270,Rahul Joshi,8.42,CS,6,COMP_002;COMP_007;COMP_008;COMP_009;COMP_015;COMP_025
STU_0271,Karan Chowdhury,6.85,ISE,0,
STU_0272,Nikhil Rao,7.07,CS,1,COMP_002
STU_0273,Tanvi Gupta,6.5,MECH,0,
STU_0274,Kavya Chowdhury,6.07,ISE,0,
STU_0275,Priya Joshi,6.51,CS,0,
STU_0276,Shreya Kulkarni,7.93,ISE,3,COMP_001;COMP_014;COMP_017
STU_0277,Rohan Patel,9.03,ISE,9,COMP_001;COMP_003;COMP_004;COMP_005;COMP_006;COMP_008;COMP_013;COMP_022;COMP_029
STU_0278,Rohan Chowdhury,9.64,MECH,7,COMP_003;COMP_004;COMP_007;COMP_008;COMP_012;COMP_017;COMP_019
STU_0279,Riya Verma,7.46,CS,2,COMP_003;COMP_012
STU_0280,Riya Joshi,5.59,ISE,0,
STU_0281,Divya Verma,5.7,ECE,0,
STU_0282,Meera Reddy,8.79,CIVIL,2,COMP_010;COMP_013
STU_0283,Shreya Bhat,6.93,ISE,0,
STU_0284,Priya Kumar,7.24,CS,1,COMP_002
STU_0285,Yash Deshmukh,6.34,MECH,0,
STU_0286,Riya Sharma,8.98,MECH,1,COMP_002
STU_0287,Aarav Iyer,6.67,ECE,0,
STU_0288,Neha Joshi,6.18,CS,0,
STU_0289,Shreya Singh,7.86,ISE,1,COMP_004
STU_0290,Tanvi Sharma,8.16,CS,7,COMP_002;COMP_003;COMP_004;COMP_008;COMP_017;COMP_018;COMP_022
STU_0291,Varun Joshi,6.55,CS,0,
STU_0292,Neha Joshi,7.4,CS,1,COMP_001
STU_0293,Ananya Nair,7.18,ECE,0,
STU_0294,Meera Verma,7.41,CS,1,COMP_003
STU_0295,Ishita Mehta,7.38,ECE,1,COMP_003
STU_0296,Vikram Rao,9.2,ISE,9,COMP_001;COMP_002;COMP_003;COMP_004;COMP_008;COMP_018;COMP_019;COMP_024;COMP_029
STU_0297,Yash Bhat,8.87,CS,6,COMP_002;COMP_003;COMP_004;COMP_005;COMP_023;COMP_028
STU_0298,Neha Verma,8.66,ISE,6,COMP_001;COMP_004;COMP_006;COMP_007;COMP_008;COMP_027
STU_0299,Vikram Reddy,7.97,CS,2,COMP_001;COMP_024
STU_0300,Aditya Kulkarni,7.56,CIVIL,1,COMP_004
STU_0301,Divya Iyer,8.54,CS,3,COMP_001;COMP_006;COMP_007
STU_0302,Riya Deshmukh,8.48,CS,5,COMP_002;COMP_003;COMP_004;COMP_011;COMP_012
STU_0303,Rohan Singh,8.6,ISE,4,COMP_004;COMP_005;COMP_011;COMP_014
STU_0304,Ananya Chowdhury,5.87,MECH,0,
STU_0305,Yash Chowdhury,9.53,CS,15,COMP_001;COMP_002;COMP_003;COMP_004;COMP_005;COMP_009;COMP_013;COMP_014;COMP_015;COMP_016;COMP_018;COMP_021;COMP_030;COMP_033;COMP_035
STU_0306,Nikhil Chowdhury,6.56,ISE,0,
STU_0307,Sneha Mehta,5.5,CS,0,
STU_0308,Pooja Patel,9.21,MECH,5,COMP_004;COMP_008;COMP_009;COMP_016;COMP_025
STU_0309,Arjun Patel,8.53,ISE,9,COMP_002;COMP_003;COMP_004;COMP_006;COMP_007;COMP_009;COMP_010;COMP_012;COMP_022
STU_0310,Neha Joshi,8.33,ISE,4,COMP_001;COMP_004;COMP_013;COMP_026
STU_0311,Abhinav Rao,7.68,CS,2,COMP_001;COMP_004
STU_0312,Vikram Kumar,7.17,ISE,0,
STU_0313,Aditya Deshmukh,9.13,ISE,12,COMP_001;COMP_002;COMP_003;COMP_004;COMP_005;COMP_006;COMP_011;COMP_020;COMP_022;COMP_031;COMP_032;COMP_035
STU_0314,Rahul Gupta,7.19,CS,0,
STU_0315,Rohan Iyer,8.66,CS,9,COMP_002;COMP_003;COMP_004;COMP_008;COMP_010;COMP_011;COMP_017;COMP_019;COMP_020
STU_0316,Abhinav Bhat,9.12,CIVIL,7,COMP_001;COMP_003;COMP_004;COMP_005;COMP_006;COMP_011;COMP_027
STU_0317,Shreya Joshi,6.27,ISE,1,COMP_001
STU_0318,Abhinav Joshi,7.04,MECH,1,COMP_004
STU_0319,Neha Kulkarni,8.68,CS,6,COMP_001;COMP_002;COMP_004;COMP_008;COMP_016;COMP_035
STU_0320,Pooja Patel,8.09,ISE,7,COMP_002;COMP_004;COMP_005;COMP_008;COMP_019;COMP_020;COMP_026
STU_0321,Neha Patel,7.24,CS,1,COMP_002
STU_0322,Rohan Singh,7.71,ECE,4,COMP_001;COMP_002;COMP_003;COMP_004
STU_0323,Ananya Mehta,5.76,ISE,0,
STU_0324,Yash Gupta,6.95,CIVIL,0,
STU_0325,Ananya Mehta,6.98,CS,0,
STU_0326,Siddharth Patel,7.7,CS,3,COMP_001;COMP_008;COMP_010
STU_0327,Varun Mehta,7.99,ISE,4,COMP_001;COMP_003;COMP_004;COMP_014
STU_0328,Meera Iyer,8.33,ISE,6,COMP_001;COMP_002;COMP_004;COMP_007;COMP_011;COMP_021
STU_0329,Siddharth Verma,8.55,ISE,4,COMP_001;COMP_002;COMP_004;COMP_022
STU_0330,Abhinav Joshi,7.06,ECE,1,COMP_003
STU_0331,Neha Kulkarni,8.97,CS,7,COMP_002;COMP_004;COMP_008;COMP_014;COMP_016;COMP_031;COMP_035
STU_0332,Shreya Nair,8.53,ECE,5,COMP_002;COMP_004;COMP_016;COMP_017;COMP_022
STU_0333,Pooja Reddy,7.07,CS,2,COMP_001;COMP_002
STU_0334,Nikhil Singh,7.3,CIVIL,1,COMP_002
STU_0335,Riya Singh,7.48,CS,1,COMP_003
STU_0336,Siddharth Nair,7.15,ECE,0,
STU_0337,Shreya Patel,8.46,ECE,3,COMP_002;COMP_004;COMP_015
STU_0338,Divya Kumar,6.01,ECE,0,
STU_0339,Siddharth Bhat,6.62,CS,0,
STU_0340,Aditya Nair,10.0,CS,14,COMP_001;COMP_002;COMP_003;COMP_004;COMP_006;COMP_008;COMP_010;COMP_011;COMP_020;COMP_023;COMP_024;COMP_027;COMP_033;COMP_034
STU_0341,Riya Verma,7.88,CS,3,COMP_004;COMP_009;COMP_015
STU_0342,Meera Nair,7.18,ECE,1,COMP_004
STU_0343,Nikhil Iyer,7.99,ISE,3,COMP_003;COMP_004;COMP_009
STU_0344,Ananya Chowdhury,8.17,ECE,3,COMP_004;COMP_013;COMP_026
STU_0345,Meera Reddy,7.05,ISE,1,COMP_002
STU_0346,Varun Deshmukh,5.5,ECE,0,
STU_0347,Ishita Gupta,6.87,ISE,1,COMP_003
STU_0348,Yash Mehta,9.46,ISE,12,COMP_002;COMP_003;COMP_004;COMP_006;COMP_007;COMP_008;COMP_011;COMP_013;COMP_023;COMP_024;COMP_025;COMP_027
STU_0349,Karan Chowdhury,7.39,ISE,3,COMP_001;COMP_002;COMP_011
STU_0350,Vikram Nair,8.66,CIVIL,2,COMP_011;COMP_012
STU_0351,Pooja Rao,8.79,MECH,1,COMP_002
STU_0352,Karan Rao,8.01,ECE,2,COMP_001;COMP_021
STU_0353,Karan Nair,7.67,CS,0,
STU_0354,Rohan Deshmukh,6.72,MECH,0,
STU_0355,Divya Verma,9.5,MECH,5,COMP_002;COMP_003;COMP_010;COMP_027;COMP_034
STU_0356,Pooja Deshmukh,5.92,ISE,0,
STU_0357,Siddharth Rao,8.28,ISE,5,COMP_002;COMP_003;COMP_004;COMP_016;COMP_018
STU_0358,Abhinav Joshi,7.98,MECH,1,COMP_002
STU_0359,Ishita Nair,8.19,ECE,2,COMP_002;COMP_004
STU_0360,Ishita Mehta,8.29,ECE,1,COMP_010
STU_0361,Vikram Nair,7.78,ECE,0,
STU_0362,Tanvi Chowdhury,7.48,ISE,4,COMP_001;COMP_002;COMP_003;COMP_009
STU_0363,Ananya Deshmukh,7.38,CS,1,COMP_001
STU_0364,Meera Mehta,8.5,ISE,6,COMP_001;COMP_002;COMP_005;COMP_013;COMP_021;COMP_026
STU_0365,Riya Sharma,8.27,CS,4,COMP_002;COMP_004;COMP_008;COMP_026
STU_0366,Yash Deshmukh,6.49,ECE,1,COMP_002
STU_0367,Pooja Deshmukh,7.58,ECE,2,COMP_002;COMP_004
STU_0368,Sneha Patel,7.66,ISE,4,COMP_002;COMP_004;COMP_008;COMP_016
STU_0369,Riya Sharma,5.86,ISE,0,
STU_0370,Ishita Verma,9.69,ISE,11,COMP_001;COMP_002;COMP_003;COMP_004;COMP_008;COMP_011;COMP_012;COMP_015;COMP_017;COMP_018;COMP_033
STU_0371,Aarav Kumar,8.44,ECE,3,COMP_001;COMP_002;COMP_005
STU_0372,Pooja Deshmukh,7.5,ECE,1,COMP_001
STU_0373,Tanvi Joshi,6.29,ECE,0,
STU_0374,Pooja Joshi,6.24,CS,0,
STU_0375,Varun Bhat,8.47,MECH,2,COMP_003;COMP_024
STU_0376,Aditya Patel,9.3,ECE,11,COMP_001;COMP_002;COMP_003;COMP_004;COMP_006;COMP_010;COMP_012;COMP_014;COMP_019;COMP_029;COMP_033
STU_0377,Vikram Verma,7.88,ECE,3,COMP_002;COMP_003;COMP_007
STU_0378,Ananya Joshi,7.5,ECE,0,
STU_0379,Riya Bhat,5.5,CIVIL,0,
STU_0380,Abhinav Gupta,7.28,CS,1,COMP_001
STU_0381,Abhinav Joshi,7.82,CS,3,COMP_001;COMP_003;COMP_024
STU_0382,Pooja Chowdhury,7.34,CS,1,COMP_013
STU_0383,Arjun Joshi,7.5,MECH,2,COMP_002;COMP_023
STU_0384,Ishita Bhat,5.5,CIVIL,0,
STU_0385,Rohan Chowdhury,7.85,ISE,4,COMP_002;COMP_003;COMP_006;COMP_024
STU_0386,Meera Iyer,6.77,CS,1,COMP_003
STU_0387,Shreya Reddy,7.41,ISE,2,COMP_003;COMP_011
STU_0388,Meera Chowdhury,8.01,CS,4,COMP_004;COMP_005;COMP_012;COMP_015
STU_0389,Tanvi Kumar,6.48,CS,0,
STU_0390,Divya Kulkarni,8.01,ECE,3,COMP_001;COMP_002;COMP_003
STU_0391,Shreya Singh,7.7,ECE,5,COMP_001;COMP_002;COMP_004;COMP_008;COMP_022
STU_0392,Tanvi Iyer,7.23,ISE,3,COMP_001;COMP_004;COMP_010
STU_0393,Varun Verma,8.54,CIVIL,2,COMP_001;COMP_004
STU_0394,Kavya Kumar,8.78,CS,8,COMP_001;COMP_002;COMP_003;COMP_004;COMP_007;COMP_015;COMP_022;COMP_030
STU_0395,Aditya Mehta,7.87,ISE,3,COMP_005;COMP_006;COMP_013
STU_0396,Pooja Mehta,7.51,CIVIL,3,COMP_002;COMP_003;COMP_004
STU_0397,Arjun Joshi,6.39,ECE,0,
STU_0398,Kavya Rao,6.99,ECE,0,
STU_0399,Riya Rao,8.12,CS,2,COMP_002;COMP_003
STU_0400,Rahul Mehta,8.82,CS,7,COMP_002;COMP_003;COMP_004;COMP_006;COMP_010;COMP_018;COMP_029
STU_0401,Ishita Gupta,6.31,CS,0,
STU_0402,Rohan Mehta,6.51,CS,0,
STU_0403,Shreya Joshi,6.74,CS,1,COMP_001
STU_0404,Nikhil Patel,5.5,ECE,0,
STU_0405,Sneha Iyer,7.37,ISE,4,COMP_001;COMP_002;COMP_004;COMP_014
STU_0406,Karan Deshmukh,8.5,ECE,6,COMP_003;COMP_004;COMP_005;COMP_007;COMP_011;COMP_016
STU_0407,Ishita Sharma,7.78,CS,4,COMP_003;COMP_004;COMP_009;COMP_010
STU_0408,Yash Kumar,8.17,ISE,3,COMP_004;COMP_014;COMP_018
STU_0409,Rohan Patel,8.18,ISE,5,COMP_003;COMP_004;COMP_008;COMP_014;COMP_016
STU_0410,Nikhil Bhat,7.54,CS,2,COMP_002;COMP_005
STU_0411,Rohan Nair,7.85,ISE,3,COMP_002;COMP_004;COMP_013
STU_0412,Abhinav Patel,5.57,CIVIL,0,
STU_0413,Riya Iyer,7.17,ISE,2,COMP_001;COMP_004
STU_0414,Aditya Chowdhury,6.68,ECE,0,
STU_0415,Karan Nair,9.0,ISE,13,COMP_001;COMP_002;COMP_003;COMP_004;COMP_006;COMP_007;COMP_009;COMP_010;COMP_011;COMP_014;COMP_029;COMP_031;COMP_034
STU_0416,Sneha Joshi,6.07,CS,0,
STU_0417,Karan Reddy,8.01,CIVIL,4,COMP_002;COMP_004;COMP_010;COMP_025
STU_0418,Rahul Gupta,10.0,MECH,4,COMP_001;COMP_003;COMP_027;COMP_031
STU_0419,Neha Patel,7.06,ECE,1,COMP_001
STU_0420,Sneha Nair,7.42,ISE,1,COMP_002
STU_0421,Siddharth Verma,5.92,CS,0,
STU_0422,Aarav Patel,5.93,MECH,0,
STU_0423,Abhinav Gupta,6.69,CS,1,COMP_003
STU_0424,Divya Sharma,6.48,ECE,0,
STU_0425,Neha Bhat,6.97,ISE,1,COMP_003
STU_0426,Shreya Singh,6.95,CS,0,
STU_0427,Varun Chowdhury,7.95,CS,4,COMP_001;COMP_002;COMP_003;COMP_004
STU_0428,Vikram Joshi,7.77,ISE,3,COMP_001;COMP_002;COMP_009
STU_0429,Tanvi Kumar,6.93,ECE,1,COMP_001
STU_0430,Aditya Kumar,9.22,CIVIL,3,COMP_013;COMP_014;COMP_033
STU_0431,Priya Kulkarni,8.24,ISE,4,COMP_004;COMP_012;COMP_016;COMP_020
STU_0432,Aditya Rao,8.11,ISE,3,COMP_010;COMP_012;COMP_026
STU_0433,Divya Deshmukh,9.67,CS,15,COMP_001;COMP_002;COMP_003;COMP_004;COMP_008;COMP_010;COMP_012;COMP_013;COMP_014;COMP_019;COMP_022;COMP_023;COMP_027;COMP_028;COMP_032
STU_0434,Sneha Joshi,6.86,CIVIL,0,
STU_0435,Sneha Bhat,7.47,CIVIL,0,
STU_0436,Varun Bhat,6.9,CIVIL,0,
STU_0437,Arjun Mehta,7.12,MECH,0,
STU_0438,Vikram Kumar,7.61,CIVIL,0,
STU_0439,Abhinav Bhat,7.31,CS,1,COMP_004
STU_0440,Aarav Rao,9.06,CS,10,COMP_003;COMP_004;COMP_005;COMP_006;COMP_008;COMP_010;COMP_018;COMP_024;COMP_031;COMP_034
STU_0441,Arjun Kumar,8.91,ISE,7,COMP_002;COMP_003;COMP_004;COMP_012;COMP_016;COMP_018;COMP_020
STU_0442,Ananya Gupta,6.41,CS,0,
STU_0443,Varun Kulkarni,7.34,ISE,2,COMP_001;COMP_003
STU_0444,Meera Rao,8.66,MECH,2,COMP_004;COMP_031
STU_0445,Siddharth Kumar,8.47,CS,8,COMP_001;COMP_002;COMP_003;COMP_004;COMP_014;COMP_016;COMP_019;COMP_025
STU_0446,Vikram Singh,8.21,ECE,5,COMP_002;COMP_004;COMP_005;COMP_012;COMP_014
STU_0447,Siddharth Bhat,8.17,ISE,5,COMP_004;COMP_005;COMP_006;COMP_015;COMP_016
STU_0448,Aditya Nair,7.77,ISE,4,COMP_001;COMP_004;COMP_006;COMP_008
STU_0449,Meera Reddy,7.1,CS,1,COMP_004
STU_0450,Karan Bhat,7.17,ISE,1,COMP_004
STU_0451,Pooja Joshi,6.98,ECE,2,COMP_002;COMP_003
STU_0452,Divya Reddy,9.52,ECE,11,COMP_001;COMP_002;COMP_003;COMP_004;COMP_007;COMP_015;COMP_025;COMP_026;COMP_027;COMP_028;COMP_031
STU_0453,Aarav Bhat,7.34,ECE,0,
STU_0454,Abhinav Deshmukh,5.94,CS,0,
STU_0455,Abhinav Singh,7.02,ECE,1,COMP_002
STU_0456,Shreya Deshmukh,7.26,CS,1,COMP_001
STU_0457,Aarav Mehta,8.1,CS,4,COMP_004;COMP_012;COMP_020;COMP_025
STU_0458,Aditya Chowdhury,7.43,CS,2,COMP_004;COMP_014
STU_0459,Ishita Verma,5.99,ECE,0,
STU_0460,Karan Gupta,8.61,ECE,6,COMP_001;COMP_004;COMP_008;COMP_011;COMP_015;COMP_027
STU_0461,Arjun Joshi,8.85,ISE,7,COMP_001;COMP_002;COMP_004;COMP_011;COMP_014;COMP_016;COMP_035
STU_0462,Varun Joshi,7.59,CIVIL,1,COMP_001
STU_0463,Shreya Kulkarni,6.61,ISE,1,COMP_004
STU_0464,Vikram Deshmukh,5.62,ECE,0,
STU_0465,Neha Reddy,6.81,CS,2,COMP_001;COMP_003
STU_0466,Nikhil Bhat,10.0,ECE,15,COMP_002;COMP_003;COMP_004;COMP_005;COMP_006;COMP_010;COMP_012;COMP_015;COMP_016;COMP_020;COMP_023;COMP_031;COMP_033;COMP_034;COMP_035
STU_0467,Tanvi Kulkarni,6.11,CS,1,COMP_004
STU_0468,Yash Singh,9.68,CS,11,COMP_001;COMP_002;COMP_003;COMP_004;COMP_005;COMP_008;COMP_012;COMP_021;COMP_022;COMP_034;COMP_035
STU_0469,Aditya Reddy,6.8,MECH,0,
STU_0470,Nikhil Patel,8.22,CS,5,COMP_001;COMP_002;COMP_003;COMP_004;COMP_008
STU_0471,Ishita Gupta,6.81,CS,1,COMP_004
STU_0472,Riya Kulkarni,7.9,CS,2,COMP_001;COMP_004
STU_0473,Meera Deshmukh,7.4,CIVIL,0,
STU_0474,Shreya Deshmukh,7.04,CS,1,COMP_002
STU_0475,Nikhil Bhat,8.67,ECE,10,COMP_001;COMP_002;COMP_003;COMP_004;COMP_010;COMP_013;COMP_019;COMP_021;COMP_024;COMP_026
STU_0476,Aditya Sharma,7.97,CS,4,COMP_002;COMP_003;COMP_004;COMP_023
STU_0477,Abhinav Bhat,8.24,CIVIL,1,COMP_003
STU_0478,Vikram Reddy,7.51,ISE,2,COMP_003;COMP_014
STU_0479,Rohan Deshmukh,6.14,CS,0,
STU_0480,Tanvi Verma,5.69,ISE,0,
STU_0481,Sneha Verma,8.63,CIVIL,2,COMP_001;COMP_004
STU_0482,Arjun Bhat,9.63,CIVIL,13,COMP_001;COMP_002;COMP_003;COMP_004;COMP_005;COMP_010;COMP_020;COMP_021;COMP_024;COMP_026;COMP_028;COMP_032;COMP_034
STU_0483,Neha Verma,7.59,CS,0,
STU_0484,Yash Rao,5.5,CS,0,
STU_0485,Abhinav Bhat,6.98,CIVIL,0,
STU_0486,Aditya Mehta,8.64,MECH,2,COMP_003;COMP_026
STU_0487,Tanvi Mehta,7.96,CS,4,COMP_001;COMP_003;COMP_013;COMP_024
STU_0488,Nikhil Iyer,6.68,ECE,0,
STU_0489,Shreya Gupta,7.12,CS,1,COMP_004
STU_0490,Abhinav Singh,8.39,CS,4,COMP_002;COMP_003;COMP_006;COMP_009
STU_0491,Shreya Rao,7.13,MECH,0,
STU_0492,Aditya Bhat,7.56,CS,1,COMP_001
STU_0493,Kavya Mehta,7.61,CS,2,COMP_002;COMP_003
STU_0494,Siddharth Reddy,8.46,ECE,2,COMP_004;COMP_012
STU_0495,Pooja Deshmukh,6.83,ISE,0,
STU_0496,Priya Mehta,7.22,CS,2,COMP_001;COMP_002
STU_0497,Nikhil Reddy,6.52,CS,0,
STU_0498,Abhinav Reddy,8.33,ECE,6,COMP_002;COMP_004;COMP_005;COMP_009;COMP_016;COMP_017
STU_0499,Ishita Nair,8.1,ISE,3,COMP_002;COMP_003;COMP_004
STU_0500,Meera Kumar,10.0,ISE,17,COMP_001;COMP_003;COMP_004;COMP_005;COMP_008;COMP_010;COMP_013;COMP_014;COMP_016;COMP_017;COMP_021;COMP_022;COMP_024;COMP_026;COMP_030;COMP_032;COMP_035
STU_0501,Riya Gupta,6.42,ISE,1,COMP_003
STU_0502,Shreya Patel,7.22,ECE,0,
STU_0503,Yash Rao,6.57,ISE,0,
STU_0504,Riya Gupta,7.42,CS,0,
STU_0505,Karan Mehta,8.18,ISE,7,COMP_001;COMP_002;COMP_004;COMP_005;COMP_013;COMP_018;COMP_023
STU_0506,Vikram Bhat,8.39,CS,8,COMP_001;COMP_002;COMP_003;COMP_004;COMP_008;COMP_010;COMP_021;COMP_022
STU_0507,Varun Nair,5.6,CS,0,
STU_0508,Varun Verma,7.47,ISE,3,COMP_002;COMP_003;COMP_004
STU_0509,Aarav Singh,7.16,ISE,2,COMP_002;COMP_004
STU_0510,Aarav Gupta,6.76,CS,0,
STU_0511,Rohan Verma,8.57,ISE,3,COMP_001;COMP_002;COMP_003
STU_0512,Rohan Bhat,7.88,CIVIL,2,COMP_004;COMP_008
STU_0513,Abhinav Chowdhury,6.02,CS,0,
STU_0514,Arjun Mehta,8.62,ISE,6,COMP_002;COMP_003;COMP_004;COMP_008;COMP_010;COMP_024
STU_0515,Shreya Nair,8.49,MECH,2,COMP_005;COMP_013
STU_0516,Pooja Rao,7.01,ECE,2,COMP_002;COMP_004
STU_0517,Tanvi Deshmukh,6.29,CS,0,
STU_0518,Aarav Reddy,7.29,MECH,0,
STU_0519,Arjun Deshmukh,7.38,ISE,2,COMP_003;COMP_004
STU_0520,Pooja Nair,6.47,CS,1,COMP_004
STU_0521,Priya Verma,9.23,CS,4,COMP_003;COMP_004;COMP_023;COMP_026
STU_0522,Divya Sharma,6.92,MECH,0,
STU_0523,Varun Verma,8.95,CS,7,COMP_001;COMP_002;COMP_010;COMP_013;COMP_015;COMP_027;COMP_035
STU_0524,Ananya Singh,8.21,CS,4,COMP_003;COMP_004;COMP_020;COMP_024
STU_0525,Ananya Nair,5.81,ISE,0,
STU_0526,Neha Deshmukh,7.14,ISE,1,COMP_001
STU_0527,Meera Joshi,7.49,MECH,1,COMP_004
STU_0528,Aditya Deshmukh,6.64,CS,0,
STU_0529,Yash Iyer,7.38,ISE,2,COMP_002;COMP_013
STU_0530,Divya Bhat,8.99,ECE,8,COMP_003;COMP_004;COMP_012;COMP_014;COMP_020;COMP_021;COMP_023;COMP_035
STU_0531,Arjun Joshi,6.72,CS,1,COMP_003
STU_0532,Divya Nair,8.91,ECE,7,COMP_001;COMP_002;COMP_003;COMP_008;COMP_009;COMP_031;COMP_032
STU_0533,Kavya Deshmukh,8.15,CS,2,COMP_004;COMP_018
STU_0534,Nikhil Nair,8.85,CS,11,COMP_001;COMP_002;COMP_003;COMP_004;COMP_005;COMP_007;COMP_008;COMP_014;COMP_017;COMP_018;COMP_025
STU_0535,Divya Nair,8.82,MECH,0,
STU_0536,Rahul Gupta,6.88,ISE,3,COMP_002;COMP_003;COMP_004
STU_0537,Pooja Patel,8.66,CS,5,COMP_001;COMP_004;COMP_005;COMP_013;COMP_018
STU_0538,Vikram Verma,8.17,ISE,3,COMP_001;COMP_002;COMP_004
STU_0539,Rohan Gupta,6.91,CS,1,COMP_002
STU_0540,Yash Gupta,6.27,MECH,0,
STU_0541,Aarav Gupta,8.28,ISE,4,COMP_003;COMP_004;COMP_014;COMP_016
STU_0542,Tanvi Rao,6.88,CIVIL,0,
STU_0543,Nikhil Gupta,7.67,ECE,0,
STU_0544,Kavya Joshi,5.5,ISE,0,
STU_0545,Pooja Reddy,6.61,ECE,0,
STU_0546,Karan Bhat,8.53,CS,3,COMP_003;COMP_004;COMP_013
STU_0547,Siddharth Gupta,8.17,ISE,1,COMP_002
STU_0548,Divya Verma,5.93,ISE,0,
STU_0549,Rahul Chowdhury,7.71,ISE,3,COMP_002;COMP_003;COMP_011
STU_0550,Vikram Joshi,8.21,CS,5,COMP_001;COMP_003;COMP_004;COMP_010;COMP_021
STU_0551,Riya Joshi,6.85,CS,0,
STU_0552,Ishita Bhat,7.25,CS,3,COMP_001;COMP_003;COMP_004
STU_0553,Aditya Bhat,7.49,ISE,5,COMP_001;COMP_002;COMP_003;COMP_004;COMP_005
STU_0554,Riya Verma,6.58,CS,0,
STU_0555,Shreya Verma,7.83,ISE,4,COMP_001;COMP_004;COMP_005;COMP_011
STU_0556,Divya Nair,7.23,ECE,4,COMP_002;COMP_003;COMP_004;COMP_008
STU_0557,Aarav Gupta,7.8,MECH,1,COMP_002
STU_0558,Pooja Verma,9.31,ISE,12,COMP_001;COMP_002;COMP_003;COMP_004;COMP_005;COMP_010;COMP_012;COMP_017;COMP_019;COMP_020;COMP_032;COMP_035
STU_0559,Ishita Bhat,6.84,ECE,2,COMP_002;COMP_004
STU_0560,Riya Chowdhury,6.28,CS,0,
STU_0561,Neha Sharma,6.73,CS,1,COMP_001
STU_0562,Nikhil Chowdhury,7.44,ISE,3,COMP_002;COMP_003;COMP_013
STU_0563,Priya Nair,8.04,MECH,1,COMP_002
STU_0564,Meera Kulkarni,7.32,CS,3,COMP_002;COMP_003;COMP_004
STU_0565,Pooja Singh,7.48,MECH,0,
STU_0566,Kavya Deshmukh,8.7,ISE,6,COMP_001;COMP_012;COMP_016;COMP_022;COMP_023;COMP_026
STU_0567,Abhinav Verma,7.81,CS,2,COMP_001;COMP_022
STU_0568,Arjun Singh,7.2,CS,0,
STU_0569,Sneha Patel,7.74,ISE,4,COMP_001;COMP_002;COMP_006;COMP_008
STU_0570,Divya Joshi,7.65,ISE,3,COMP_003;COMP_004;COMP_019
STU_0571,Karan Verma,7.91,ISE,3,COMP_002;COMP_003;COMP_014
STU_0572,Nikhil Bhat,7.22,CS,1,COMP_002
STU_0573,Rahul Verma,9.08,CS,7,COMP_003;COMP_010;COMP_012;COMP_016;COMP_018;COMP_020;COMP_029
STU_0574,Siddharth Sharma,6.83,CS,0,
STU_0575,Nikhil Singh,6.03,CIVIL,0,
STU_0576,Neha Iyer,6.64,CIVIL,0,
STU_0577,Shreya Joshi,5.64,ISE,0,
STU_0578,Tanvi Nair,6.73,ISE,1,COMP_001
STU_0579,Tanvi Kumar,7.43,ECE,3,COMP_001;COMP_003;COMP_004
STU_0580,Divya Deshmukh,7.19,CS,2,COMP_003;COMP_005
STU_0581,Meera Singh,6.59,MECH,0,
STU_0582,Siddharth Sharma,9.19,CIVIL,5,COMP_001;COMP_002;COMP_003;COMP_011;COMP_025
STU_0583,Kavya Kumar,7.85,ECE,1,COMP_016
STU_0584,Arjun Chowdhury,6.42,ISE,0,
STU_0585,Meera Reddy,6.68,CS,2,COMP_001;COMP_004
STU_0586,Nikhil Patel,7.05,ECE,0,
STU_0587,Abhinav Nair,8.58,CS,7,COMP_001;COMP_002;COMP_003;COMP_004;COMP_015;COMP_018;COMP_035
STU_0588,Siddharth Kumar,9.03,ECE,7,COMP_004;COMP_006;COMP_020;COMP_022;COMP_023;COMP_026;COMP_034
STU_0589,Pooja Kulkarni,8.54,CS,8,COMP_002;COMP_003;COMP_006;COMP_009;COMP_011;COMP_018;COMP_023;COMP_025
STU_0590,Rohan Iyer,7.63,CS,2,COMP_002;COMP_012
STU_0591,Priya Sharma,6.37,ISE,0,
STU_0592,Riya Patel,7.14,CS,1,COMP_004
STU_0593,Aarav Reddy,8.07,ISE,3,COMP_003;COMP_004;COMP_019
STU_0594,Rohan Deshmukh,5.5,ISE,0,
STU_0595,Aditya Kulkarni,8.12,ISE,3,COMP_001;COMP_004;COMP_023
STU_0596,Ishita Nair,8.54,CS,4,COMP_002;COMP_003;COMP_004;COMP_005
STU_0597,Ishita Patel,6.55,CS,0,
STU_0598,Kavya Bhat,8.06,ISE,1,COMP_004
STU_0599,Neha Sharma,7.78,ISE,2,COMP_004;COMP_008
STU_0600,Siddharth Singh,8.09,CIVIL,1,COMP_003
STU_0601,Abhinav Nair,7.12,MECH,1,COMP_003
STU_0602,Meera Gupta,8.47,CS,4,COMP_001;COMP_002;COMP_003;COMP_013
STU_0603,Siddharth Reddy,8.09,ISE,6,COMP_002;COMP_004;COMP_005;COMP_007;COMP_009;COMP_014
STU_0604,Abhinav Bhat,8.6,ECE,3,COMP_002;COMP_004;COMP_013
STU_0605,Rahul Singh,7.79,CIVIL,0,
STU_0606,Yash Gupta,6.64,ISE,0,
STU_0607,Riya Sharma,6.0,ISE,0,
STU_0608,Varun Gupta,7.13,CIVIL,0,
STU_0609,Divya Bhat,7.17,ISE,1,COMP_004
STU_0610,Neha Deshmukh,9.23,CS,14,COMP_001;COMP_002;COMP_004;COMP_008;COMP_010;COMP_011;COMP_012;COMP_013;COMP_021;COMP_023;COMP_024;COMP_026;COMP_031;COMP_034
STU_0611,Arjun Patel,8.25,CS,6,COMP_003;COMP_005;COMP_009;COMP_011;COMP_017;COMP_023
STU_0612,Meera Bhat,8.55,ISE,5,COMP_002;COMP_003;COMP_004;COMP_007;COMP_008
STU_0613,Nikhil Chowdhury,5.5,ISE,0,
STU_0614,Pooja Patel,7.07,ISE,1,COMP_004
STU_0615,Sneha Verma,7.62,CS,2,COMP_003;COMP_004
STU_0616,Abhinav Singh,9.23,ISE,14,COMP_002;COMP_003;COMP_004;COMP_006;COMP_009;COMP_010;COMP_012;COMP_014;COMP_016;COMP_019;COMP_020;COMP_022;COMP_026;COMP_030
STU_0617,Priya Sharma,6.64,CIVIL,0,
STU_0618,Kavya Deshmukh,9.31,CS,15,COMP_003;COMP_004;COMP_007;COMP_009;COMP_010;COMP_011;COMP_013;COMP_016;COMP_017;COMP_019;COMP_021;COMP_022;COMP_025;COMP_030;COMP_034
STU_0619,Yash Nair,6.13,ISE,0,
STU_0620,Aarav Bhat,8.8,CS,8,COMP_002;COMP_003;COMP_004;COMP_016;COMP_017;COMP_024;COMP_025;COMP_034
STU_0621,Priya Nair,5.5,CS,0,
STU_0622,Siddharth Mehta,9.02,CS,9,COMP_001;COMP_002;COMP_003;COMP_004;COMP_006;COMP_008;COMP_011;COMP_018;COMP_030
STU_0623,Priya Mehta,6.59,ECE,0,
STU_0624,Varun Joshi,7.47,ECE,3,COMP_001;COMP_002;COMP_003
STU_0625,Aarav Joshi,9.26,CS,15,COMP_002;COMP_003;COMP_004;COMP_006;COMP_007;COMP_010;COMP_011;COMP_012;COMP_014;COMP_015;COMP_022;COMP_024;COMP_032;COMP_034;COMP_035
STU_0626,Shreya Iyer,8.08,ECE,2,COMP_001;COMP_003
STU_0627,Riya Iyer,7.52,CIVIL,0,
STU_0628,Divya Mehta,6.28,CS,0,
STU_0629,Abhinav Chowdhury,7.02,CS,1,COMP_009
STU_0630,Tanvi Gupta,7.99,ISE,3,COMP_003;COMP_013;COMP_025
STU_0631,Vikram Gupta,7.51,ISE,5,COMP_001;COMP_002;COMP_003;COMP_004;COMP_005
STU_0632,Nikhil Patel,7.64,CS,1,COMP_002
STU_0633,Pooja Joshi,8.02,ISE,2,COMP_001;COMP_002
STU_0634,Priya Kulkarni,6.3,CS,0,
STU_0635,Siddharth Singh,5.5,ECE,0,
STU_0636,Yash Rao,7.79,ECE,1,COMP_001
STU_0637,Shreya Reddy,8.46,CS,6,COMP_003;COMP_004;COMP_005;COMP_008;COMP_012;COMP_016
STU_0638,Yash Patel,6.34,CIVIL,0,
STU_0639,Priya Iyer,7.29,ECE,2,COMP_002;COMP_003
STU_0640,Aditya Singh,8.35,ISE,6,COMP_001;COMP_004;COMP_009;COMP_013;COMP_017;COMP_026
STU_0641,Sneha Bhat,8.3,ISE,6,COMP_001;COMP_005;COMP_006;COMP_015;COMP_016;COMP_020
STU_0642,Nikhil Iyer,8.42,ECE,5,COMP_001;COMP_002;COMP_003;COMP_004;COMP_005
STU_0643,Siddharth Mehta,7.0,ISE,1,COMP_001
STU_0644,Pooja Sharma,7.64,ECE,1,COMP_005
STU_0645,Riya Bhat,7.97,ISE,3,COMP_001;COMP_003;COMP_004
STU_0646,Ishita Chowdhury,8.62,ISE,4,COMP_001;COMP_002;COMP_003;COMP_004
STU_0647,Yash Sharma,6.98,ECE,0,
STU_0648,Kavya Reddy,7.83,ECE,4,COMP_003;COMP_004;COMP_006;COMP_010
STU_0649,Varun Bhat,7.74,CS,3,COMP_002;COMP_013;COMP_014
STU_0650,Priya Rao,8.5,ISE,1,COMP_010
STU_0651,Riya Verma,5.5,CS,0,
STU_0652,Varun Gupta,6.7,ECE,0,
STU_0653,Kavya Reddy,9.26,CIVIL,3,COMP_004;COMP_006;COMP_011
STU_0654,Ananya Mehta,8.84,MECH,6,COMP_004;COMP_005;COMP_008;COMP_012;COMP_016;COMP_026
STU_0655,Priya Deshmukh,7.9,CS,2,COMP_002;COMP_003
STU_0656,Tanvi Kumar,7.24,CS,1,COMP_004
STU_0657,Meera Nair,6.71,MECH,0,
STU_0658,Vikram Verma,6.86,ECE,0,
STU_0659,Sneha Joshi,6.15,ISE,1,COMP_004
STU_0660,Neha Reddy,7.3,CIVIL,0,
STU_0661,Shreya Rao,8.86,ISE,8,COMP_001;COMP_002;COMP_004;COMP_008;COMP_010;COMP_021;COMP_027;COMP_032
STU_0662,Divya Verma,7.21,CS,0,
STU_0663,Aditya Deshmukh,7.98,CIVIL,2,COMP_005;COMP_006
STU_0664,Siddharth Deshmukh,7.18,CS,0,
STU_0665,Yash Kulkarni,7.03,ECE,0,
STU_0666,Arjun Mehta,6.46,ECE,0,
STU_0667,Arjun Kulkarni,8.12,CS,5,COMP_001;COMP_002;COMP_003;COMP_004;COMP_008
STU_0668,Pooja Mehta,5.79,ECE,0,
STU_0669,Tanvi Patel,7.56,CIVIL,1,COMP_002
STU_0670,Varun Kumar,7.67,ECE,3,COMP_002;COMP_004;COMP_026
STU_0671,Divya Gupta,7.91,MECH,1,COMP_024
STU_0672,Siddharth Reddy,6.54,ISE,1,COMP_004
STU_0673,Ishita Joshi,6.35,CS,0,
STU_0674,Ananya Verma,6.93,MECH,0,
STU_0675,Priya Iyer,7.86,CS,2,COMP_003;COMP_017
STU_0676,Aarav Chowdhury,6.41,ISE,0,
STU_0677,Abhinav Reddy,7.38,CS,2,COMP_001;COMP_004
STU_0678,Rahul Patel,7.06,CS,1,COMP_003
STU_0679,Abhinav Iyer,7.6,ECE,1,COMP_003
STU_0680,Abhinav Reddy,8.66,CS,7,COMP_001;COMP_002;COMP_003;COMP_004;COMP_014;COMP_015;COMP_033
STU_0681,Rohan Rao,7.64,ECE,1,COMP_002
STU_0682,Ishita Patel,6.44,CS,0,
STU_0683,Aarav Sharma,7.85,CS,3,COMP_001;COMP_002;COMP_003
STU_0684,Priya Chowdhury,9.24,ECE,11,COMP_002;COMP_004;COMP_006;COMP_008;COMP_013;COMP_017;COMP_026;COMP_028;COMP_030;COMP_031;COMP_035
STU_0685,Rohan Rao,6.81,ECE,0,
STU_0686,Pooja Reddy,7.71,CS,6,COMP_001;COMP_002;COMP_003;COMP_004;COMP_010;COMP_015
STU_0687,Aditya Nair,7.87,CS,1,COMP_001
STU_0688,Yash Sharma,5.78,CS,0,
STU_0689,Vikram Nair,8.13,ECE,2,COMP_005;COMP_013
STU_0690,Meera Mehta,8.48,CIVIL,1,COMP_001
STU_0691,Priya Singh,8.03,MECH,2,COMP_003;COMP_025
STU_0692,Divya Joshi,7.86,ISE,3,COMP_001;COMP_002;COMP_004
STU_0693,Kavya Reddy,7.62,ECE,1,COMP_013
STU_0694,Nikhil Sharma,9.18,ECE,5,COMP_002;COMP_015;COMP_022;COMP_026;COMP_029
STU_0695,Karan Gupta,7.09,MECH,1,COMP_002
STU_0696,Neha Verma,6.82,ECE,0,
STU_0697,Arjun Rao,7.82,ECE,2,COMP_001;COMP_002
STU_0698,Abhinav Patel,6.82,CS,1,COMP_004
STU_0699,Siddharth Nair,10.0,ISE,15,COMP_001;COMP_002;COMP_003;COMP_004;COMP_007;COMP_008;COMP_013;COMP_014;COMP_017;COMP_021;COMP_024;COMP_028;COMP_032;COMP_034;COMP_035
STU_0700,Yash Chowdhury,7.15,ISE,0,
STU_0701,Rohan Sharma,6.84,ISE,1,COMP_001
STU_0702,Aarav Kulkarni,5.9,ISE,0,
STU_0703,Arjun Reddy,9.97,CS,13,COMP_001;COMP_002;COMP_003;COMP_004;COMP_007;COMP_014;COMP_025;COMP_027;COMP_029;COMP_031;COMP_032;COMP_033;COMP_035
STU_0704,Karan Chowdhury,6.35,ECE,0,
STU_0705,Riya Nair,6.31,ISE,0,
STU_0706,Neha Patel,8.51,CS,6,COMP_001;COMP_002;COMP_003;COMP_004;COMP_005;COMP_027
STU_0707,Riya Joshi,8.18,ISE,5,COMP_001;COMP_002;COMP_004;COMP_007;COMP_009
STU_0708,Abhinav Patel,9.51,ISE,15,COMP_001;COMP_002;COMP_003;COMP_004;COMP_007;COMP_008;COMP_010;COMP_016;COMP_017;COMP_020;COMP_025;COMP_026;COMP_030;COMP_033;COMP_035
STU_0709,Kavya Verma,5.5,CS,0,
STU_0710,Divya Rao,8.64,CS,5,COMP_001;COMP_002;COMP_003;COMP_004;COMP_008
STU_0711,Tanvi Iyer,6.87,ISE,0,
STU_0712,Nikhil Nair,7.0,CS,0,
STU_0713,Karan Kulkarni,9.0,ECE,7,COMP_001;COMP_002;COMP_004;COMP_005;COMP_007;COMP_010;COMP_022
STU_0714,Aditya Kulkarni,9.93,CS,19,COMP_001;COMP_002;COMP_003;COMP_004;COMP_006;COMP_008;COMP_010;COMP_012;COMP_015;COMP_018;COMP_021;COMP_022;COMP_023;COMP_024;COMP_027;COMP_028;COMP_029;COMP_030;COMP_034
STU_0715,Siddharth Chowdhury,9.34,ECE,7,COMP_001;COMP_002;COMP_003;COMP_004;COMP_020;COMP_022;COMP_024
STU_0716,Rohan Kulkarni,9.19,CS,11,COMP_001;COMP_002;COMP_003;COMP_004;COMP_007;COMP_010;COMP_012;COMP_015;COMP_022;COMP_030;COMP_033
STU_0717,Varun Kumar,7.21,ECE,1,COMP_003
STU_0718,Yash Iyer,7.4,CS,2,COMP_002;COMP_004
STU_0719,Yash Rao,7.58,ISE,2,COMP_003;COMP_004
STU_0720,Karan Sharma,8.11,CS,3,COMP_002;COMP_003;COMP_013
STU_0721,Ishita Kumar,8.14,CS,5,COMP_002;COMP_004;COMP_008;COMP_023;COMP_024
STU_0722,Aditya Iyer,6.98,ISE,0,
STU_0723,Nikhil Chowdhury,8.47,CIVIL,2,COMP_004;COMP_026
STU_0724,Kavya Chowdhury,6.51,CS,0,
STU_0725,Yash Kumar,6.72,CIVIL,0,
STU_0726,Shreya Verma,9.46,CS,16,COMP_001;COMP_002;COMP_003;COMP_004;COMP_009;COMP_013;COMP_015;COMP_018;COMP_022;COMP_023;COMP_025;COMP_027;COMP_029;COMP_030;COMP_031;COMP_032
STU_0727,Arjun Patel,8.64,CS,4,COMP_002;COMP_003;COMP_008;COMP_012
STU_0728,Neha Reddy,5.5,MECH,0,
STU_0729,Vikram Reddy,7.47,CS,0,
STU_0730,Neha Deshmukh,7.55,ISE,2,COMP_004;COMP_006
STU_0731,Vikram Deshmukh,6.52,ISE,2,COMP_002;COMP_004
STU_0732,Divya Sharma,6.9,CS,0,
STU_0733,Aarav Joshi,6.4,CS,0,
STU_0734,Shreya Singh,9.33,CS,16,COMP_001;COMP_002;COMP_004;COMP_007;COMP_010;COMP_011;COMP_014;COMP_015;COMP_018;COMP_020;COMP_023;COMP_024;COMP_029;COMP_031;COMP_033;COMP_035
STU_0735,Karan Deshmukh,7.53,MECH,1,COMP_004
STU_0736,Ananya Nair,7.09,ISE,0,
STU_0737,Karan Chowdhury,9.67,ECE,6,COMP_002;COMP_003;COMP_004;COMP_018;COMP_023;COMP_027
STU_0738,Pooja Mehta,8.97,ECE,5,COMP_001;COMP_004;COMP_005;COMP_015;COMP_028
STU_0739,Aditya Singh,8.02,CIVIL,1,COMP_020
STU_0740,Yash Verma,7.85,CS,3,COMP_004;COMP_010;COMP_020
STU_0741,Rahul Joshi,8.39,ISE,5,COMP_001;COMP_003;COMP_004;COMP_008;COMP_019
STU_0742,Arjun Joshi,7.42,CIVIL,0,
STU_0743,Vikram Nair,7.54,CS,3,COMP_001;COMP_004;COMP_023
STU_0744,Yash Rao,8.03,ECE,1,COMP_004
STU_0745,Divya Rao,8.23,CS,1,COMP_003
STU_0746,Vikram Mehta,8.66,ISE,5,COMP_003;COMP_004;COMP_005;COMP_013;COMP_029
STU_0747,Sneha Reddy,7.55,CS,2,COMP_002;COMP_004
STU_0748,Nikhil Verma,8.15,MECH,4,COMP_001;COMP_005;COMP_009;COMP_015
STU_0749,Nikhil Deshmukh,7.99,CS,2,COMP_003;COMP_004
STU_0750,Arjun Verma,7.11,CIVIL,0,
STU_0751,Aarav Singh,7.39,ECE,1,COMP_004
STU_0752,Riya Deshmukh,10.0,MECH,8,COMP_002;COMP_004;COMP_013;COMP_014;COMP_016;COMP_017;COMP_026;COMP_027
STU_0753,Priya Sharma,9.17,CS,12,COMP_002;COMP_003;COMP_004;COMP_006;COMP_008;COMP_009;COMP_010;COMP_011;COMP_015;COMP_021;COMP_031;COMP_032
STU_0754,Kavya Nair,8.77,CS,8,COMP_001;COMP_002;COMP_004;COMP_009;COMP_013;COMP_015;COMP_019;COMP_022
STU_0755,Abhinav Patel,6.24,CS,0,
STU_0756,Rahul Patel,8.58,ISE,4,COMP_001;COMP_002;COMP_007;COMP_019
STU_0757,Varun Nair,9.78,CS,10,COMP_001;COMP_002;COMP_003;COMP_005;COMP_010;COMP_014;COMP_018;COMP_027;COMP_031;COMP_033
STU_0758,Siddharth Rao,8.54,CS,5,COMP_001;COMP_003;COMP_004;COMP_021;COMP_022
STU_0759,Yash Chowdhury,6.95,CS,0,
STU_0760,Arjun Bhat,7.76,MECH,1,COMP_002
STU_0761,Vikram Iyer,7.32,CS,1,COMP_004
STU_0762,Varun Nair,6.98,CS,1,COMP_004
STU_0763,Neha Bhat,6.99,CS,2,COMP_003;COMP_004
STU_0764,Riya Bhat,7.04,ISE,0,
STU_0765,Vikram Deshmukh,7.49,CS,1,COMP_002
STU_0766,Riya Sharma,8.19,ECE,4,COMP_003;COMP_004;COMP_007;COMP_024
STU_0767,Riya Bhat,7.81,CIVIL,0,
STU_0768,Yash Joshi,6.58,CS,0,
STU_0769,Kavya Sharma,8.01,ISE,4,COMP_001;COMP_003;COMP_008;COMP_011
STU_0770,Rahul Verma,8.47,MECH,2,COMP_007;COMP_008
STU_0771,Yash Deshmukh,6.58,MECH,0,
STU_0772,Priya Deshmukh,7.78,CIVIL,1,COMP_004
STU_0773,Tanvi Verma,7.39,ECE,0,
STU_0774,Kavya Singh,9.61,ECE,11,COMP_001;COMP_003;COMP_004;COMP_005;COMP_006;COMP_014;COMP_019;COMP_020;COMP_022;COMP_024;COMP_025
STU_0775,Sneha Deshmukh,8.73,ISE,6,COMP_001;COMP_002;COMP_003;COMP_011;COMP_012;COMP_013
STU_0776,Tanvi Kumar,5.8,ISE,0,
STU_0777,Yash Nair,9.28,CIVIL,7,COMP_001;COMP_002;COMP_004;COMP_011;COMP_012;COMP_016;COMP_021
STU_0778,Vikram Bhat,7.9,ISE,0,
STU_0779,Ananya Deshmukh,7.74,ISE,1,COMP_011
STU_0780,Aarav Bhat,7.87,ECE,2,COMP_002;COMP_004
STU_0781,Aditya Joshi,8.24,CS,6,COMP_001;COMP_002;COMP_003;COMP_004;COMP_011;COMP_025
STU_0782,Siddharth Verma,7.24,ECE,3,COMP_001;COMP_002;COMP_004
STU_0783,Priya Kumar,5.5,CS,0,
STU_0784,Pooja Singh,6.33,CIVIL,0,
STU_0785,Sneha Chowdhury,7.1,ISE,2,COMP_001;COMP_005
STU_0786,Ishita Joshi,8.43,ECE,8,COMP_001;COMP_002;COMP_003;COMP_008;COMP_011;COMP_018;COMP_019;COMP_020
STU_0787,Meera Kumar,9.26,CS,8,COMP_002;COMP_003;COMP_004;COMP_008;COMP_015;COMP_023;COMP_030;COMP_034
STU_0788,Yash Iyer,7.27,CS,0,
STU_0789,Sneha Sharma,7.51,ISE,2,COMP_001;COMP_004
STU_0790,Yash Singh,6.69,CIVIL,0,
STU_0791,Sneha Joshi,7.79,MECH,0,
STU_0792,Meera Deshmukh,6.19,CIVIL,0,
STU_0793,Siddharth Patel,8.62,ECE,3,COMP_003;COMP_021;COMP_022
STU_0794,Siddharth Iyer,8.38,CS,3,COMP_003;COMP_005;COMP_019
STU_0795,Shreya Joshi,9.59,ECE,6,COMP_002;COMP_004;COMP_016;COMP_018;COMP_025;COMP_030
STU_0796,Rahul Gupta,7.13,ISE,0,
STU_0797,Priya Sharma,8.37,CS,7,COMP_002;COMP_004;COMP_009;COMP_011;COMP_014;COMP_016;COMP_019
STU_0798,Varun Chowdhury,7.95,CS,1,COMP_002
STU_0799,Arjun Kumar,8.56,CIVIL,1,COMP_019
STU_0800,Priya Bhat,6.75,ISE,1,COMP_001
